uniq_id,image,product_category_tree_0
55b85ea15a1536d46b7190ad6fff8ce7,55b85ea15a1536d46b7190ad6fff8ce7.jpg,home furnishing
7b72c92c2f6c40268628ec5f14c6d590,7b72c92c2f6c40268628ec5f14c6d590.jpg,baby care
d4684dcdc759dd9cdf41504698d737d8,d4684dcdc759dd9cdf41504698d737d8.jpg,home furnishing
6325b6870c54cd47be6ebfbffa620ec7,6325b6870c54cd47be6ebfbffa620ec7.jpg,home furnishing
893aa5ed55f7cff2eccea7758d7a86bd,893aa5ed55f7cff2eccea7758d7a86bd.jpg,watches
dd0e3470a7e6ed76fd69c2da27721041,dd0e3470a7e6ed76fd69c2da27721041.jpg,watches
41384da51732c0b4df3de8f395714fbb,41384da51732c0b4df3de8f395714fbb.jpg,watches
710ed5f2393a4b9e8823aa0029f71f93,710ed5f2393a4b9e8823aa0029f71f93.jpg,watches
920154acbe49d3202ed7d2ed2df1ea13,920154acbe49d3202ed7d2ed2df1ea13.jpg,watches
08452abdadb3db1e686b94a9c52fc7b6,08452abdadb3db1e686b94a9c52fc7b6.jpg,watches
1e8741b5ae27a513546c94b3f3312aee,1e8741b5ae27a513546c94b3f3312aee.jpg,watches
189fa66a5fa6f08d2802a62ecf0be298,189fa66a5fa6f08d2802a62ecf0be298.jpg,watches
1120bc768623572513df956172ffefeb,1120bc768623572513df956172ffefeb.jpg,watches
62c35de4df27437d3597963fac55a8b6,62c35de4df27437d3597963fac55a8b6.jpg,watches
d7ca2b06b4f4d3b98c61c377b18a2d6b,d7ca2b06b4f4d3b98c61c377b18a2d6b.jpg,watches
f74476ba64365d97a5be7d375cbf4c7a,f74476ba64365d97a5be7d375cbf4c7a.jpg,watches
fda50982a672ef8835de5c1cc86f8bfc,fda50982a672ef8835de5c1cc86f8bfc.jpg,watches
4788f5466992da09024b8ffcc8a5cba4,4788f5466992da09024b8ffcc8a5cba4.jpg,watches
653826cd53f1d9e2c086c0ac7846ef70,653826cd53f1d9e2c086c0ac7846ef70.jpg,watches
4aa047f14885c74f155ce5f973e14dff,4aa047f14885c74f155ce5f973e14dff.jpg,watches
7c4fec2331da8d40f2cb146eb198cb57,7c4fec2331da8d40f2cb146eb198cb57.jpg,watches
b52073e7ed9c00c4108cae4eb0c49c1a,b52073e7ed9c00c4108cae4eb0c49c1a.jpg,watches
29b1ca231e10d5269516b80bf9d0dffc,29b1ca231e10d5269516b80bf9d0dffc.jpg,watches
8b268c1e68f198ae2e934717d49f48e9,8b268c1e68f198ae2e934717d49f48e9.jpg,watches
b85f8843bb1c297dd5712f0bd287006d,b85f8843bb1c297dd5712f0bd287006d.jpg,home furnishing
a4b09aa7927c59fbb39960b3d7919909,a4b09aa7927c59fbb39960b3d7919909.jpg,home furnishing
81e739c7f3be737152f2e6f520e3494b,81e739c7f3be737152f2e6f520e3494b.jpg,home furnishing
f0938b0d88eac91deee6d5add54097d3,f0938b0d88eac91deee6d5add54097d3.jpg,home decor & festive needs
e9420e9483f16db81c64dddf99f34841,e9420e9483f16db81c64dddf99f34841.jpg,kitchen & dining
a3dea07b2f7bf48276d32513091be717,a3dea07b2f7bf48276d32513091be717.jpg,kitchen & dining
66191b4a311b5d9babfc00a71ef97c5b,66191b4a311b5d9babfc00a71ef97c5b.jpg,home furnishing
90e56526f4c5892beac49f262b85150a,90e56526f4c5892beac49f262b85150a.jpg,baby care
a79117ea49a0533f641facdb4c99f502,a79117ea49a0533f641facdb4c99f502.jpg,home furnishing
5325213d84c80ad310b6e4b37a1ac824,5325213d84c80ad310b6e4b37a1ac824.jpg,baby care
2d50e4c6ccf8befe9335ac8f97a11712,2d50e4c6ccf8befe9335ac8f97a11712.jpg,beauty and personal care
8050d31bffe6827c804b8222338aafb2,8050d31bffe6827c804b8222338aafb2.jpg,kitchen & dining
493d1eb6ad7a48a926092bf994cd0bb0,493d1eb6ad7a48a926092bf994cd0bb0.jpg,kitchen & dining
3388d05e88972ff9f3e1321dc0cfdc28,3388d05e88972ff9f3e1321dc0cfdc28.jpg,kitchen & dining
d1899ab1d5c79ddaa311bc9f04d198ed,d1899ab1d5c79ddaa311bc9f04d198ed.jpg,computers
e7cab08a267e815c72a26513222783e0,e7cab08a267e815c72a26513222783e0.jpg,kitchen & dining
02a53d335775b652f22f41b529b9d646,02a53d335775b652f22f41b529b9d646.jpg,beauty and personal care
69446af66066146718cd569f87e99fff,69446af66066146718cd569f87e99fff.jpg,kitchen & dining
b4d35b6536b623c83b293eb3a1c02bba,b4d35b6536b623c83b293eb3a1c02bba.jpg,computers
f01140c02fd09e5c56312a64fa8db3da,f01140c02fd09e5c56312a64fa8db3da.jpg,kitchen & dining
6329ddb46087cb8c09ced95471dd9643,6329ddb46087cb8c09ced95471dd9643.jpg,computers
7e6ae1b372e8e0b509b83ba3658b8107,7e6ae1b372e8e0b509b83ba3658b8107.jpg,computers
e2ae2af58ac50adf4881751ae84a9d8a,e2ae2af58ac50adf4881751ae84a9d8a.jpg,computers
24e85c590481a7cedfe66597f253f2b2,24e85c590481a7cedfe66597f253f2b2.jpg,beauty and personal care
5e84d36ad6db970548498829db8b15de,5e84d36ad6db970548498829db8b15de.jpg,beauty and personal care
3c4604dba348a99a2dfbbc2cd3928101,3c4604dba348a99a2dfbbc2cd3928101.jpg,beauty and personal care
0abfcbe0e17dd50c4cf5fb1d6037d514,0abfcbe0e17dd50c4cf5fb1d6037d514.jpg,beauty and personal care
4a1b23dacd7d2a9ec7414f7159f25a48,4a1b23dacd7d2a9ec7414f7159f25a48.jpg,beauty and personal care
95330f6f0f44d17b918feec36bedcdef,95330f6f0f44d17b918feec36bedcdef.jpg,beauty and personal care
66a5a21ea332aefcc7b90dbad94053aa,66a5a21ea332aefcc7b90dbad94053aa.jpg,beauty and personal care
f4e7f269319ba9cf5507a9e2febacbf5,f4e7f269319ba9cf5507a9e2febacbf5.jpg,baby care
80e9cb3d2d7f9ff7bc497c34df366d03,80e9cb3d2d7f9ff7bc497c34df366d03.jpg,kitchen & dining
2baa415ebcc4fe563ce13b50e60efc1c,2baa415ebcc4fe563ce13b50e60efc1c.jpg,kitchen & dining
903d63e2b71d692ccd628e1de516516e,903d63e2b71d692ccd628e1de516516e.jpg,baby care
707b160df4c4dece6cde52b222ce624b,707b160df4c4dece6cde52b222ce624b.jpg,home furnishing
ed9817e8960a6a0d509061c54cfe5ac1,ed9817e8960a6a0d509061c54cfe5ac1.jpg,kitchen & dining
5a7a1287fef0d986a5e237797beee286,5a7a1287fef0d986a5e237797beee286.jpg,kitchen & dining
9ba898ecb77ab5a6799c8b047c6b6008,9ba898ecb77ab5a6799c8b047c6b6008.jpg,kitchen & dining
afc3ebd18df498dd87abb7ad7536b5c7,afc3ebd18df498dd87abb7ad7536b5c7.jpg,kitchen & dining
141d2b743c477043041faddf9233c8ad,141d2b743c477043041faddf9233c8ad.jpg,baby care
7a3f11f380a1bf85338ab3771ff81e9f,7a3f11f380a1bf85338ab3771ff81e9f.jpg,baby care
ae45b64d808a883aa35f2bf4de879cac,ae45b64d808a883aa35f2bf4de879cac.jpg,baby care
1971dcd2f3058a4c87bdd7d87d4baeba,1971dcd2f3058a4c87bdd7d87d4baeba.jpg,beauty and personal care
4942e0a9c0527dc00319a39fc8f103e6,4942e0a9c0527dc00319a39fc8f103e6.jpg,beauty and personal care
0a8a1e9c6659361c0c2b247f8a6471d0,0a8a1e9c6659361c0c2b247f8a6471d0.jpg,home furnishing
320833ab08c9a94ef83520612899a85f,320833ab08c9a94ef83520612899a85f.jpg,baby care
57578c1e6ec61a880a6f3f971f5f77b8,57578c1e6ec61a880a6f3f971f5f77b8.jpg,home decor & festive needs
4e130ed339dcfe20d2c8b66892278a94,4e130ed339dcfe20d2c8b66892278a94.jpg,home decor & festive needs
601817defaff9d0e30e1b72f96d3975f,601817defaff9d0e30e1b72f96d3975f.jpg,baby care
3cdfd9df09f61a8fd178bafcc8dbed31,3cdfd9df09f61a8fd178bafcc8dbed31.jpg,baby care
374e63028d691c380bc43b0dc60e460d,374e63028d691c380bc43b0dc60e460d.jpg,home decor & festive needs
61c0139f3d5c97f1615797dbf046cc0c,61c0139f3d5c97f1615797dbf046cc0c.jpg,home decor & festive needs
0096e89cc25a8b96fb9808716406fe94,0096e89cc25a8b96fb9808716406fe94.jpg,kitchen & dining
e8ee7868b0c3d1d04b482cd4f3ec5ccc,e8ee7868b0c3d1d04b482cd4f3ec5ccc.jpg,computers
04f9ff160a1561e3656350f4bd6b8c50,04f9ff160a1561e3656350f4bd6b8c50.jpg,home furnishing
aebf3a2172b33ef09acb472009967812,aebf3a2172b33ef09acb472009967812.jpg,home decor & festive needs
6ae332e2bafd23267caedfcc4453257c,6ae332e2bafd23267caedfcc4453257c.jpg,home decor & festive needs
57800d48b001f3fad34a4f8fa9207f29,57800d48b001f3fad34a4f8fa9207f29.jpg,home decor & festive needs
d1e18b4a3aafb0040da2111c8b8ce2e5,d1e18b4a3aafb0040da2111c8b8ce2e5.jpg,home decor & festive needs
46e6853da6b0c796b7a0d8203ceaa88e,46e6853da6b0c796b7a0d8203ceaa88e.jpg,home decor & festive needs
22296bfc1c79d9dc88eabbd01220ef0c,22296bfc1c79d9dc88eabbd01220ef0c.jpg,home decor & festive needs
f4d4c2eec77732f56e47722d7a355f2b,f4d4c2eec77732f56e47722d7a355f2b.jpg,home decor & festive needs
f12a06b7dbfc55638afafcf8bb03d836,f12a06b7dbfc55638afafcf8bb03d836.jpg,home decor & festive needs
18bd9b88e23b82fd19f8ab0c9cad6a1a,18bd9b88e23b82fd19f8ab0c9cad6a1a.jpg,home decor & festive needs
5749bae8ccead7997ebf370b6b081d07,5749bae8ccead7997ebf370b6b081d07.jpg,beauty and personal care
059493eeb88ebb4cc08d1522f3f87c3f,059493eeb88ebb4cc08d1522f3f87c3f.jpg,beauty and personal care
9613f2f1e65fb1fc7e181e7f83c217da,9613f2f1e65fb1fc7e181e7f83c217da.jpg,beauty and personal care
c7fcd0d983a51283e58b806f065cc920,c7fcd0d983a51283e58b806f065cc920.jpg,home decor & festive needs
b78586222de9a1095d0a9d88455ee75f,b78586222de9a1095d0a9d88455ee75f.jpg,home decor & festive needs
dfbd96036cbc28566e964cff04b5b3a8,dfbd96036cbc28566e964cff04b5b3a8.jpg,home furnishing
336fc49639a5cc45aa532ace3ee1a044,336fc49639a5cc45aa532ace3ee1a044.jpg,home furnishing
184ecf07ca4e2872eaf53d2344a1e783,184ecf07ca4e2872eaf53d2344a1e783.jpg,baby care
b515014adccb1fdf5ff1e2c4a8ff9ea6,b515014adccb1fdf5ff1e2c4a8ff9ea6.jpg,home furnishing
5aacf8f5154afea2ac22fc767d072677,5aacf8f5154afea2ac22fc767d072677.jpg,home furnishing
7cbbe686c4a233e8cf53528748f75223,7cbbe686c4a233e8cf53528748f75223.jpg,home furnishing
f1ee63a5f0db853e2c1b377778580d39,f1ee63a5f0db853e2c1b377778580d39.jpg,baby care
0bb0f7b7a3075f4b9459121abe2185fa,0bb0f7b7a3075f4b9459121abe2185fa.jpg,home decor & festive needs
8015db34d09642b046c775e8157dd729,8015db34d09642b046c775e8157dd729.jpg,baby care
8e8f5dc78f80eff3c77a9714303f59d2,8e8f5dc78f80eff3c77a9714303f59d2.jpg,computers
53f4bc7d7321f5c41de6b86e41f13e80,53f4bc7d7321f5c41de6b86e41f13e80.jpg,home decor & festive needs
be09f5a3a88ac10ae14c791fc8ac0dae,be09f5a3a88ac10ae14c791fc8ac0dae.jpg,baby care
d202ea988ab11f2327279093ac71975d,d202ea988ab11f2327279093ac71975d.jpg,home decor & festive needs
db6c79a1d852944a89e157793f392d67,db6c79a1d852944a89e157793f392d67.jpg,computers
16c18ce0affca13159e362227c83683c,16c18ce0affca13159e362227c83683c.jpg,home furnishing
7dd5e83e2108a97659577e50879f9d9f,7dd5e83e2108a97659577e50879f9d9f.jpg,baby care
a63eecfbb02004863fa1f29a0b8105fc,a63eecfbb02004863fa1f29a0b8105fc.jpg,computers
5c77aa1fc09901ae07c392c152a70e41,5c77aa1fc09901ae07c392c152a70e41.jpg,home decor & festive needs
640fd08bb3ba538d67a5c0c2c61a5c4c,640fd08bb3ba538d67a5c0c2c61a5c4c.jpg,beauty and personal care
7241df1acae1fac892c692097ea3fb98,7241df1acae1fac892c692097ea3fb98.jpg,beauty and personal care
a85a7dbd31267a7b02eda3a4d484632d,a85a7dbd31267a7b02eda3a4d484632d.jpg,beauty and personal care
13de17e59a92f8bcaec8bf103bbff8c1,13de17e59a92f8bcaec8bf103bbff8c1.jpg,beauty and personal care
3ba13df7877fd979d64c87c7586a5ca6,3ba13df7877fd979d64c87c7586a5ca6.jpg,home decor & festive needs
f1484a63c0dc79e96c98b2a250380ed8,f1484a63c0dc79e96c98b2a250380ed8.jpg,kitchen & dining
f01ff0a82401117e9da22dd680fd2f36,f01ff0a82401117e9da22dd680fd2f36.jpg,kitchen & dining
de911421573d3e234450040374b55b38,de911421573d3e234450040374b55b38.jpg,kitchen & dining
614dbfa2f42c4684c0bb6152091113a6,614dbfa2f42c4684c0bb6152091113a6.jpg,kitchen & dining
5531b9f454e2d75cfe00c3f795e06de5,5531b9f454e2d75cfe00c3f795e06de5.jpg,kitchen & dining
258444ac7bb7ad8026800efad5c3502b,258444ac7bb7ad8026800efad5c3502b.jpg,kitchen & dining
fd369a1bb58ae02cd925dda7e9e1d00a,fd369a1bb58ae02cd925dda7e9e1d00a.jpg,kitchen & dining
73f460cd6f3fd206902d7097a1816405,73f460cd6f3fd206902d7097a1816405.jpg,kitchen & dining
118b411bf265538461b084ce7abd55a8,118b411bf265538461b084ce7abd55a8.jpg,kitchen & dining
06749cbff1487f470438823f6952cfd1,06749cbff1487f470438823f6952cfd1.jpg,kitchen & dining
202fc276e672eb8c29891aa50aef0771,202fc276e672eb8c29891aa50aef0771.jpg,kitchen & dining
feefbdff924dd6b7cc266449c9a36d69,feefbdff924dd6b7cc266449c9a36d69.jpg,kitchen & dining
af1ac46194b5488048c459102a16a57e,af1ac46194b5488048c459102a16a57e.jpg,kitchen & dining
a1fd886094826c3f25c6ffb380073974,a1fd886094826c3f25c6ffb380073974.jpg,kitchen & dining
3847353a4b8de1efc504d589aea74ffe,3847353a4b8de1efc504d589aea74ffe.jpg,kitchen & dining
60efd61370e70267dc60b11ff2bf974c,60efd61370e70267dc60b11ff2bf974c.jpg,kitchen & dining
63bc43c0000e71eb11bfafd2f46214a4,63bc43c0000e71eb11bfafd2f46214a4.jpg,kitchen & dining
f8794f7a06b530782c66f7c0911bb437,f8794f7a06b530782c66f7c0911bb437.jpg,kitchen & dining
8507eb0ef32c1c0db700f20aad6d9bcd,8507eb0ef32c1c0db700f20aad6d9bcd.jpg,kitchen & dining
fc7abdf67b4d7dbf64dffbab7b37599c,fc7abdf67b4d7dbf64dffbab7b37599c.jpg,kitchen & dining
1afa5f2c3c9b4b43def6dc2e695d2c87,1afa5f2c3c9b4b43def6dc2e695d2c87.jpg,kitchen & dining
73503fe89ea77420a598f4a1019e5b6d,73503fe89ea77420a598f4a1019e5b6d.jpg,kitchen & dining
ec590694e8bf85f75c9200cf418127aa,ec590694e8bf85f75c9200cf418127aa.jpg,kitchen & dining
7956d9586de3e25ff586bca58be7195e,7956d9586de3e25ff586bca58be7195e.jpg,kitchen & dining
63f6ef8f3fda2c306b27cfbf5a005f1e,63f6ef8f3fda2c306b27cfbf5a005f1e.jpg,kitchen & dining
328b66226952d8733c0c48295fae1108,328b66226952d8733c0c48295fae1108.jpg,kitchen & dining
6efd5d260667b94f04edbbd18bb300b9,6efd5d260667b94f04edbbd18bb300b9.jpg,kitchen & dining
beaa6285a2b9c66db0e294767711ca3f,beaa6285a2b9c66db0e294767711ca3f.jpg,kitchen & dining
41fd5af61752be98b19b611a6ff9a0ef,41fd5af61752be98b19b611a6ff9a0ef.jpg,kitchen & dining
219b24362655097cb41bf06a0be8ee79,219b24362655097cb41bf06a0be8ee79.jpg,kitchen & dining
b5d1b8ef70b1ce27726f7f6c2f373e56,b5d1b8ef70b1ce27726f7f6c2f373e56.jpg,kitchen & dining
02127f52e96fb72c66bf081d25104ef8,02127f52e96fb72c66bf081d25104ef8.jpg,kitchen & dining
c4581cae6bf751a7ae5c40bb16b74e98,c4581cae6bf751a7ae5c40bb16b74e98.jpg,kitchen & dining
c8f42da0f9f695f07067676eae4135c8,c8f42da0f9f695f07067676eae4135c8.jpg,kitchen & dining
785b4383b12106dd172306d427d8f7b2,785b4383b12106dd172306d427d8f7b2.jpg,kitchen & dining
aadbc3b9c32c4535b1bfee7321c4c0e7,aadbc3b9c32c4535b1bfee7321c4c0e7.jpg,kitchen & dining
ea16e13a7cf16d8665d1bc44738dfa88,ea16e13a7cf16d8665d1bc44738dfa88.jpg,kitchen & dining
a341f915962ee99754e962520f279708,a341f915962ee99754e962520f279708.jpg,kitchen & dining
9077acd25761ea067ac6d9369d8fdf16,9077acd25761ea067ac6d9369d8fdf16.jpg,kitchen & dining
cab75cad4b3a3c593c753a1759df28e2,cab75cad4b3a3c593c753a1759df28e2.jpg,kitchen & dining
c5590e238d44b370337624f5987fb9b8,c5590e238d44b370337624f5987fb9b8.jpg,kitchen & dining
6b043b37c38f081d96886acb5acfbdf5,6b043b37c38f081d96886acb5acfbdf5.jpg,kitchen & dining
154920adb9d584b55d419227f9b01cc6,154920adb9d584b55d419227f9b01cc6.jpg,kitchen & dining
5dbf978ab2cf9d2da6446d3e4595f690,5dbf978ab2cf9d2da6446d3e4595f690.jpg,kitchen & dining
aab46b84f70cc6774afaafe1d6035de3,aab46b84f70cc6774afaafe1d6035de3.jpg,kitchen & dining
58d7fbbe6d306ecf16e0a7ac05b211d4,58d7fbbe6d306ecf16e0a7ac05b211d4.jpg,kitchen & dining
59af3731b809a25f2bf99e99f645d8dd,59af3731b809a25f2bf99e99f645d8dd.jpg,kitchen & dining
3c4ca34c50a5437a1bcc42b72fc1351f,3c4ca34c50a5437a1bcc42b72fc1351f.jpg,kitchen & dining
3830dda3491cd5b28ed42ae544bc44f0,3830dda3491cd5b28ed42ae544bc44f0.jpg,kitchen & dining
6da53319cc12c9729881f5478ff67223,6da53319cc12c9729881f5478ff67223.jpg,kitchen & dining
8bf65b132179faf26f61e26274b2b819,8bf65b132179faf26f61e26274b2b819.jpg,kitchen & dining
f69bef5db54cb4c83b2aa8d0ce829d4e,f69bef5db54cb4c83b2aa8d0ce829d4e.jpg,kitchen & dining
ffbf3794aa8cb6bb8d3f313d0a549a09,ffbf3794aa8cb6bb8d3f313d0a549a09.jpg,kitchen & dining
acd2f21d63ac0bbed4d52e6010d9460b,acd2f21d63ac0bbed4d52e6010d9460b.jpg,kitchen & dining
b46d7b8e6826ad4c8b40a991da0f54d7,b46d7b8e6826ad4c8b40a991da0f54d7.jpg,kitchen & dining
ce2f67c3365846170cb709784d87e45b,ce2f67c3365846170cb709784d87e45b.jpg,kitchen & dining
b4ccd4c315d99edd7c00d015b714485a,b4ccd4c315d99edd7c00d015b714485a.jpg,kitchen & dining
302c95f6eae5f4ce217fcedc4ef91262,302c95f6eae5f4ce217fcedc4ef91262.jpg,home decor & festive needs
2f756aa2ceb1efda609c428a47308758,2f756aa2ceb1efda609c428a47308758.jpg,home decor & festive needs
2e3586dc60df258c5478446d65a317d2,2e3586dc60df258c5478446d65a317d2.jpg,home decor & festive needs
40829ac110f344ef35f1c8c32fb311c7,40829ac110f344ef35f1c8c32fb311c7.jpg,home decor & festive needs
e3c741a05c82c54343b94ed8c1292e2a,e3c741a05c82c54343b94ed8c1292e2a.jpg,kitchen & dining
d75705ad163412347cba51f882e9c0f0,d75705ad163412347cba51f882e9c0f0.jpg,home decor & festive needs
90f86ac4065397340e8012261577c220,90f86ac4065397340e8012261577c220.jpg,kitchen & dining
168618e93387ad7171d4e4e1eeff9d1a,168618e93387ad7171d4e4e1eeff9d1a.jpg,home decor & festive needs
9c4ab8ab059c912090c83cb0818e7f1c,9c4ab8ab059c912090c83cb0818e7f1c.jpg,home decor & festive needs
70578f48cc96bbb60d040e08025e521d,70578f48cc96bbb60d040e08025e521d.jpg,baby care
6775e3b91baa4d368f6d91eb7c24578b,6775e3b91baa4d368f6d91eb7c24578b.jpg,kitchen & dining
c109187e7975ee8fdb2b3dfbdd9dce20,c109187e7975ee8fdb2b3dfbdd9dce20.jpg,home decor & festive needs
8962b50b699ddf4712ad18d29c6a3862,8962b50b699ddf4712ad18d29c6a3862.jpg,home decor & festive needs
a4d9e71172f619f8e3122e34bb0bf3cc,a4d9e71172f619f8e3122e34bb0bf3cc.jpg,home decor & festive needs
55ce1309b69e1912d2fd60a3ee3f351b,55ce1309b69e1912d2fd60a3ee3f351b.jpg,home decor & festive needs
a9b35b94610a3d7f4fa91f19693c5248,a9b35b94610a3d7f4fa91f19693c5248.jpg,home decor & festive needs
3113367c72125a3355af42426fe14f17,3113367c72125a3355af42426fe14f17.jpg,home decor & festive needs
e99d9abb115a9bd580bcccf9ff4d4881,e99d9abb115a9bd580bcccf9ff4d4881.jpg,home decor & festive needs
de29bf3288345e23b0e25345a3a057fb,de29bf3288345e23b0e25345a3a057fb.jpg,home decor & festive needs
e3e7c584f317d1b5d6ac0088c411565e,e3e7c584f317d1b5d6ac0088c411565e.jpg,home decor & festive needs
9d279c825ba12804c337f883b366a6e2,9d279c825ba12804c337f883b366a6e2.jpg,home decor & festive needs
91a5328e7235424885d271dfa0959eeb,91a5328e7235424885d271dfa0959eeb.jpg,kitchen & dining
2110699b945ae766c8b8112038ac58b9,2110699b945ae766c8b8112038ac58b9.jpg,kitchen & dining
2ede595489db33a036d135ce22645515,2ede595489db33a036d135ce22645515.jpg,home decor & festive needs
32cf0691248297655e2c1728b12e2262,32cf0691248297655e2c1728b12e2262.jpg,baby care
81a695f80d3f5c445910d310f1a83eb8,81a695f80d3f5c445910d310f1a83eb8.jpg,home decor & festive needs
922a04084481d4b3275a3f7bb54e90f3,922a04084481d4b3275a3f7bb54e90f3.jpg,home decor & festive needs
f2751cf0dd59d223cacbc5da5df42a1a,f2751cf0dd59d223cacbc5da5df42a1a.jpg,kitchen & dining
cc2e2bb105a5c2b2e43842886d057b81,cc2e2bb105a5c2b2e43842886d057b81.jpg,home decor & festive needs
67d6b4a8aa19d57740b0440365b77624,67d6b4a8aa19d57740b0440365b77624.jpg,home decor & festive needs
f39a2cce8929f5b44087d688995994e4,f39a2cce8929f5b44087d688995994e4.jpg,home decor & festive needs
4451f1b01168b6a085738d0b0f2f02aa,4451f1b01168b6a085738d0b0f2f02aa.jpg,home decor & festive needs
9f76aaed44b540869da862c5dd4b266f,9f76aaed44b540869da862c5dd4b266f.jpg,home decor & festive needs
caabe6014b914fe2874a9a8d7284f79b,caabe6014b914fe2874a9a8d7284f79b.jpg,home decor & festive needs
968a2b3be84193e3f755c2fe71033a2c,968a2b3be84193e3f755c2fe71033a2c.jpg,home decor & festive needs
f8c1b5fb422d8418dc9e40a43fece55a,f8c1b5fb422d8418dc9e40a43fece55a.jpg,home decor & festive needs
4642d967bc34a36454b281de632f6c11,4642d967bc34a36454b281de632f6c11.jpg,home decor & festive needs
34d3b2b8d263294107a3ffc69b35ff8f,34d3b2b8d263294107a3ffc69b35ff8f.jpg,home decor & festive needs
ed139e0d1b5c973495e1aa35dd4a5533,ed139e0d1b5c973495e1aa35dd4a5533.jpg,kitchen & dining
e1e133cbe616bee3b3e9e6f4f0882e3d,e1e133cbe616bee3b3e9e6f4f0882e3d.jpg,kitchen & dining
cf2ba696547459733c6bbfad4e3bcf62,cf2ba696547459733c6bbfad4e3bcf62.jpg,home decor & festive needs
be0e65c6d8c2cc8cb913b36aa4168cf0,be0e65c6d8c2cc8cb913b36aa4168cf0.jpg,home decor & festive needs
2e8df36b35d22cf219cf8bae6c2af752,2e8df36b35d22cf219cf8bae6c2af752.jpg,kitchen & dining
8f41774c16a931d71fcf01f8fee171e0,8f41774c16a931d71fcf01f8fee171e0.jpg,home decor & festive needs
7e4c1d31e279a700c6b8e66d820e8601,7e4c1d31e279a700c6b8e66d820e8601.jpg,kitchen & dining
1357e9d24661c3b5797aa1016e0c3be1,1357e9d24661c3b5797aa1016e0c3be1.jpg,kitchen & dining
799ddb97164ff2d5d53bb8b27b8c355f,799ddb97164ff2d5d53bb8b27b8c355f.jpg,kitchen & dining
607dc41467008ee7a8dba0276f180f63,607dc41467008ee7a8dba0276f180f63.jpg,kitchen & dining
0c4718ae90f2889b7021a99ee1cc106c,0c4718ae90f2889b7021a99ee1cc106c.jpg,kitchen & dining
85fe188e1ee8237b70df0d475907bf24,85fe188e1ee8237b70df0d475907bf24.jpg,kitchen & dining
ea42376c9c52752d9d01bba12eb2999b,ea42376c9c52752d9d01bba12eb2999b.jpg,kitchen & dining
0131e5d87b72877702d536299cf83b75,0131e5d87b72877702d536299cf83b75.jpg,kitchen & dining
72cbc043d14ee578c789c9fab3c43cdd,72cbc043d14ee578c789c9fab3c43cdd.jpg,kitchen & dining
6bc04b3ec1f8d4da2a00f8662f4fbed3,6bc04b3ec1f8d4da2a00f8662f4fbed3.jpg,kitchen & dining
fb733e04ff2d72c59d8513eb574e81a2,fb733e04ff2d72c59d8513eb574e81a2.jpg,kitchen & dining
73b692cdfce9a77b721a54d4b7fb35a7,73b692cdfce9a77b721a54d4b7fb35a7.jpg,home decor & festive needs
40d7d3d1961236dd814e15592fa52994,40d7d3d1961236dd814e15592fa52994.jpg,home decor & festive needs
9833d0de7f7e1927c807411c10b19189,9833d0de7f7e1927c807411c10b19189.jpg,home decor & festive needs
724e6eb7edc83eb48b6492d12e940ebd,724e6eb7edc83eb48b6492d12e940ebd.jpg,kitchen & dining
04f9f818e2d657b873b07578cfe2eade,04f9f818e2d657b873b07578cfe2eade.jpg,home decor & festive needs
273982a65b9c7dabe56c8345552bfad7,273982a65b9c7dabe56c8345552bfad7.jpg,kitchen & dining
e1b2b3ad430dd738d958292441b6d046,e1b2b3ad430dd738d958292441b6d046.jpg,home decor & festive needs
a4951eb41979fe482879f777c8f21d2b,a4951eb41979fe482879f777c8f21d2b.jpg,home decor & festive needs
412d0425bb7076610aace6549ded265c,412d0425bb7076610aace6549ded265c.jpg,home decor & festive needs
0e73201f6d8807776e1d21c969078289,0e73201f6d8807776e1d21c969078289.jpg,kitchen & dining
86dcb7d4ce6ec7bfb3e26d1bd859f4fb,86dcb7d4ce6ec7bfb3e26d1bd859f4fb.jpg,kitchen & dining
908cc351957d02f72f60916006c531ba,908cc351957d02f72f60916006c531ba.jpg,home decor & festive needs
7ee2e665b7de2e1cc29e3c65bde0c318,7ee2e665b7de2e1cc29e3c65bde0c318.jpg,home decor & festive needs
9906d8f74589c452b00f2b5642a63c5f,9906d8f74589c452b00f2b5642a63c5f.jpg,home decor & festive needs
0f7a56876c61ba98dfed48ede5d3f3e1,0f7a56876c61ba98dfed48ede5d3f3e1.jpg,home decor & festive needs
6a1afb657e9ac01e3ca1956dfdcc3e9a,6a1afb657e9ac01e3ca1956dfdcc3e9a.jpg,kitchen & dining
c3e1435782c0929327449eec11475b96,c3e1435782c0929327449eec11475b96.jpg,kitchen & dining
719677b02bfccafb86e9be78f36f938b,719677b02bfccafb86e9be78f36f938b.jpg,baby care
14826adf9bc4c34ea566dae3d85ef7cf,14826adf9bc4c34ea566dae3d85ef7cf.jpg,watches
113783ce1db999778b5a4bd374e61209,113783ce1db999778b5a4bd374e61209.jpg,watches
553aa0252537751d153e7c50029f0242,553aa0252537751d153e7c50029f0242.jpg,watches
e2cec0756030a25f294ead3acc0570d2,e2cec0756030a25f294ead3acc0570d2.jpg,watches
009099b1f6e1e8f893ec29a7023153c4,009099b1f6e1e8f893ec29a7023153c4.jpg,watches
db3e2eeb4fe90d4755f2911d661eae95,db3e2eeb4fe90d4755f2911d661eae95.jpg,home furnishing
a8ea6fc2b3cd95f46bced80853ce8e0e,a8ea6fc2b3cd95f46bced80853ce8e0e.jpg,baby care
4d2e9f36823bad0f6fe8c6b19bb92bdb,4d2e9f36823bad0f6fe8c6b19bb92bdb.jpg,watches
63f2d92a3f5fc6cfc11e7f99d5798eac,63f2d92a3f5fc6cfc11e7f99d5798eac.jpg,home decor & festive needs
64a9d0488652194fd8e879d5e6dc8015,64a9d0488652194fd8e879d5e6dc8015.jpg,watches
08613e8b27838b997069b1fedb6e88d2,08613e8b27838b997069b1fedb6e88d2.jpg,watches
a66a68fbed935f90b62d5d29003267fc,a66a68fbed935f90b62d5d29003267fc.jpg,home furnishing
7f7c64d439d64656d6baa40f5798cdf5,7f7c64d439d64656d6baa40f5798cdf5.jpg,baby care
2aaa6083689193df5ab01fe37dea1b5e,2aaa6083689193df5ab01fe37dea1b5e.jpg,home decor & festive needs
45204a03550940bdcbc8e4703c07f550,45204a03550940bdcbc8e4703c07f550.jpg,home decor & festive needs
8876d7569efdaff5a21b33a1ab44a13d,8876d7569efdaff5a21b33a1ab44a13d.jpg,baby care
7c15895bbfd7da97c219be5b28150a06,7c15895bbfd7da97c219be5b28150a06.jpg,baby care
c2efa8aa11898bdb5fc4e46201973a42,c2efa8aa11898bdb5fc4e46201973a42.jpg,baby care
688bb32bf0d9b6e350d2c0912a3b7c9f,688bb32bf0d9b6e350d2c0912a3b7c9f.jpg,baby care
735820e1614052fde55659da9dc10ccc,735820e1614052fde55659da9dc10ccc.jpg,kitchen & dining
458c697fe5824552890b0e674cf5c109,458c697fe5824552890b0e674cf5c109.jpg,computers
6ed34e1ab886e8a702ec59dd66ba4dff,6ed34e1ab886e8a702ec59dd66ba4dff.jpg,baby care
2971287a1ac427bd98c4778112d20d06,2971287a1ac427bd98c4778112d20d06.jpg,kitchen & dining
4b8728226cc2934095782f7e7f3ce740,4b8728226cc2934095782f7e7f3ce740.jpg,home decor & festive needs
a554abb9699959ec78425eac2b997c27,a554abb9699959ec78425eac2b997c27.jpg,home decor & festive needs
95cb9561009bd6707c67f05e6a00c16e,95cb9561009bd6707c67f05e6a00c16e.jpg,home decor & festive needs
906b5b16c78ba1c718501138702cb32c,906b5b16c78ba1c718501138702cb32c.jpg,home decor & festive needs
7e11aaffb1d08f8091ea94598f7865aa,7e11aaffb1d08f8091ea94598f7865aa.jpg,home decor & festive needs
a12d9ae5720ae41446e084911f0c2865,a12d9ae5720ae41446e084911f0c2865.jpg,home decor & festive needs
521528ccaa29dd645e869550cae7a249,521528ccaa29dd645e869550cae7a249.jpg,home decor & festive needs
2f40e01331bc00216d147d4ebfdfbaf3,2f40e01331bc00216d147d4ebfdfbaf3.jpg,home decor & festive needs
ecb5bba9a5984d2b35b8ac3f56056c67,ecb5bba9a5984d2b35b8ac3f56056c67.jpg,beauty and personal care
3adb36e4275733d0d113d9039e6814ea,3adb36e4275733d0d113d9039e6814ea.jpg,beauty and personal care
e93cd13f5269dd51b8359ccf93ca5ace,e93cd13f5269dd51b8359ccf93ca5ace.jpg,beauty and personal care
b551f20c6a8a1dc3d102a5f04bc8d7d6,b551f20c6a8a1dc3d102a5f04bc8d7d6.jpg,beauty and personal care
a898bd6978f9f2c6aa940b9fa3352c27,a898bd6978f9f2c6aa940b9fa3352c27.jpg,beauty and personal care
8e94fbcd81112a21860355b3b11cf52d,8e94fbcd81112a21860355b3b11cf52d.jpg,beauty and personal care
3ee79b1e51c9f9262e8373ce6b717606,3ee79b1e51c9f9262e8373ce6b717606.jpg,beauty and personal care
5df72b5295dc5e6126693e640b50f3a2,5df72b5295dc5e6126693e640b50f3a2.jpg,computers
48b9e7f78348b95955d7484910b7af15,48b9e7f78348b95955d7484910b7af15.jpg,beauty and personal care
f309bdd259c5b46a560bc1620e641947,f309bdd259c5b46a560bc1620e641947.jpg,computers
3945cc3920106c04648e8ba17ef2b009,3945cc3920106c04648e8ba17ef2b009.jpg,beauty and personal care
7c4c57dda1b2e50f40b331cc8f9d233b,7c4c57dda1b2e50f40b331cc8f9d233b.jpg,beauty and personal care
f2689f048b3b6f0ff863bf0cce28873d,f2689f048b3b6f0ff863bf0cce28873d.jpg,beauty and personal care
d4b625befbbb7e8004e53c187f286e11,d4b625befbbb7e8004e53c187f286e11.jpg,computers
8963e56482bbd3e9d05e0709d61ee0ca,8963e56482bbd3e9d05e0709d61ee0ca.jpg,beauty and personal care
17a73d7c4b02ada2bfeed1115fed08a4,17a73d7c4b02ada2bfeed1115fed08a4.jpg,beauty and personal care
d43d9bb261aaaf818c81a645e727b2d3,d43d9bb261aaaf818c81a645e727b2d3.jpg,computers
52c5fe837181962a7c1d5883bb9d7007,52c5fe837181962a7c1d5883bb9d7007.jpg,beauty and personal care
539f82930cfad8afef1a75882eb45703,539f82930cfad8afef1a75882eb45703.jpg,beauty and personal care
7ba69836467fe0795bf0e1161fc481d9,7ba69836467fe0795bf0e1161fc481d9.jpg,computers
02c63a087b298ec74042d557acf61be1,02c63a087b298ec74042d557acf61be1.jpg,computers
9438a0874e0486f46f3669cac6c2ac90,9438a0874e0486f46f3669cac6c2ac90.jpg,computers
833a87b0af3b84fe246d2ebf271af177,833a87b0af3b84fe246d2ebf271af177.jpg,computers
c8e2c85eccdc9db55eeb2231385e4f1c,c8e2c85eccdc9db55eeb2231385e4f1c.jpg,computers
79b78739b0ae84780001fec304ce036c,79b78739b0ae84780001fec304ce036c.jpg,beauty and personal care
4b0e6f200426b1db8824b2ca0c59ecfa,4b0e6f200426b1db8824b2ca0c59ecfa.jpg,beauty and personal care
cc9412969fab14faba65c70e00fef4a8,cc9412969fab14faba65c70e00fef4a8.jpg,beauty and personal care
dd0b73d97cea6cc71d263a77fa7982be,dd0b73d97cea6cc71d263a77fa7982be.jpg,beauty and personal care
8932c9a89b487bf9f2b3fce06c7c6553,8932c9a89b487bf9f2b3fce06c7c6553.jpg,beauty and personal care
7bcabeb38f148041087fafdad40e2c57,7bcabeb38f148041087fafdad40e2c57.jpg,beauty and personal care
47d7792e50e69b048b1f17176f170141,47d7792e50e69b048b1f17176f170141.jpg,beauty and personal care
f386f28cbc2ca9a63b5dc7a8fe6d5098,f386f28cbc2ca9a63b5dc7a8fe6d5098.jpg,beauty and personal care
ea82cb68a6e79d3c10fe9c4255c6a508,ea82cb68a6e79d3c10fe9c4255c6a508.jpg,beauty and personal care
5c6b9db55291a68d99c4bb9a88266e27,5c6b9db55291a68d99c4bb9a88266e27.jpg,computers
df11d370920e09a2985e574ffd9b0ff1,df11d370920e09a2985e574ffd9b0ff1.jpg,beauty and personal care
15f45d08050e8ba24a14804cba000589,15f45d08050e8ba24a14804cba000589.jpg,beauty and personal care
94a0d2804a77f7d2bfab6f3f0ae5254d,94a0d2804a77f7d2bfab6f3f0ae5254d.jpg,beauty and personal care
955abcd11312fce2fd02a91a9b05ae71,955abcd11312fce2fd02a91a9b05ae71.jpg,beauty and personal care
079d049de21fb2426b516a8d2f9a8bdb,079d049de21fb2426b516a8d2f9a8bdb.jpg,beauty and personal care
4c449766e715bc41023244c9042e0a82,4c449766e715bc41023244c9042e0a82.jpg,beauty and personal care
54754ccd18f2a75c53de68806176392a,54754ccd18f2a75c53de68806176392a.jpg,computers
67119571e4b46deb266236d8e7fad65d,67119571e4b46deb266236d8e7fad65d.jpg,beauty and personal care
f2fa99bfaa4aa65a2bd53337e140f949,f2fa99bfaa4aa65a2bd53337e140f949.jpg,beauty and personal care
36b965559aa2b97cb961a603f18a9183,36b965559aa2b97cb961a603f18a9183.jpg,beauty and personal care
98ad5b99ad96695568d8f143b11ab740,98ad5b99ad96695568d8f143b11ab740.jpg,beauty and personal care
7fd12776e6d62da6e1dd3cbc9882ee5f,7fd12776e6d62da6e1dd3cbc9882ee5f.jpg,computers
d376da2235096f74600d842b6f5f2d1a,d376da2235096f74600d842b6f5f2d1a.jpg,beauty and personal care
ab3f4b2d2ec007b7e0eaec213bfdbffc,ab3f4b2d2ec007b7e0eaec213bfdbffc.jpg,beauty and personal care
bd95002e0fea67f7ec2f2597814c5eaf,bd95002e0fea67f7ec2f2597814c5eaf.jpg,computers
862c7462f12de819d93f93dc573289c5,862c7462f12de819d93f93dc573289c5.jpg,beauty and personal care
387ecd9ec173d61b6dc5ceddc079b150,387ecd9ec173d61b6dc5ceddc079b150.jpg,beauty and personal care
b1c7aa8e0f50e7ee73ed30d12af1a961,b1c7aa8e0f50e7ee73ed30d12af1a961.jpg,computers
07f8bdc4372a73d0820507683a936b6e,07f8bdc4372a73d0820507683a936b6e.jpg,beauty and personal care
a231459c1562ee1117e95a61128820b7,a231459c1562ee1117e95a61128820b7.jpg,beauty and personal care
fa6f5eb34be4ad5daec225bfe09f2414,fa6f5eb34be4ad5daec225bfe09f2414.jpg,beauty and personal care
a7a294ddbcd9bbbc46c034079529c17c,a7a294ddbcd9bbbc46c034079529c17c.jpg,beauty and personal care
c6cd71c28144224b080cdec222bc4833,c6cd71c28144224b080cdec222bc4833.jpg,beauty and personal care
5c7b493625b5fc6689cae49d25e1ae17,5c7b493625b5fc6689cae49d25e1ae17.jpg,beauty and personal care
f6fbce5fffb82a83d7529815c4be9a72,f6fbce5fffb82a83d7529815c4be9a72.jpg,beauty and personal care
b17d093c269db6ad3bf4b6076461fd72,b17d093c269db6ad3bf4b6076461fd72.jpg,beauty and personal care
f74e1afad2c545c25ee38193d0eb87d5,f74e1afad2c545c25ee38193d0eb87d5.jpg,beauty and personal care
1d829e0eac91d7e85cdd6d581c363360,1d829e0eac91d7e85cdd6d581c363360.jpg,beauty and personal care
0e1e3861d54a8a17b7b91f04071a4ca3,0e1e3861d54a8a17b7b91f04071a4ca3.jpg,beauty and personal care
00e966a5049a262cfc72e6bbf68b80e7,00e966a5049a262cfc72e6bbf68b80e7.jpg,computers
1be8161a259813bca5d068d5730464e7,1be8161a259813bca5d068d5730464e7.jpg,beauty and personal care
70461caa9038cfa34d109ea056d57f5a,70461caa9038cfa34d109ea056d57f5a.jpg,baby care
4735953b9c8504eb327675a14c6c33dd,4735953b9c8504eb327675a14c6c33dd.jpg,computers
9fb8662af03c957ade34d4c816d4e903,9fb8662af03c957ade34d4c816d4e903.jpg,computers
a54b94096938252901d3f7f8de97bffb,a54b94096938252901d3f7f8de97bffb.jpg,kitchen & dining
281dfd9b94b34362c295b3e5f8da5dfa,281dfd9b94b34362c295b3e5f8da5dfa.jpg,computers
7f2f1f3039d1f5bc23226fc36577eab9,7f2f1f3039d1f5bc23226fc36577eab9.jpg,computers
32f24a4303050f500dec7cb3608fe089,32f24a4303050f500dec7cb3608fe089.jpg,computers
ea199e645da893f2ab0c45cf07face13,ea199e645da893f2ab0c45cf07face13.jpg,computers
3ccceaae844f34180708cb6cba3441bf,3ccceaae844f34180708cb6cba3441bf.jpg,computers
e921fc17a0ed9a58f76d38558deb9337,e921fc17a0ed9a58f76d38558deb9337.jpg,home decor & festive needs
b6c339777814451815fe7950fd4c8536,b6c339777814451815fe7950fd4c8536.jpg,beauty and personal care
ee78c1e94bdc217d1d0eaef5c567417a,ee78c1e94bdc217d1d0eaef5c567417a.jpg,baby care
26269fd0df12630eec4508c2cf3c94e1,26269fd0df12630eec4508c2cf3c94e1.jpg,home furnishing
b90046b67cafcedfd363afba5fafc1c7,b90046b67cafcedfd363afba5fafc1c7.jpg,baby care
f8aa59c4a170e8a90ae832b173b2b2d9,f8aa59c4a170e8a90ae832b173b2b2d9.jpg,beauty and personal care
c6f4475e2385cc16ce83f21f975614b3,c6f4475e2385cc16ce83f21f975614b3.jpg,baby care
2231a6fc63274c46043e353f1728f077,2231a6fc63274c46043e353f1728f077.jpg,home furnishing
cc24426f00c1cf9ae0bf76e8bd23c336,cc24426f00c1cf9ae0bf76e8bd23c336.jpg,home furnishing
d8ef80a8ba345dedc9f944cf21201988,d8ef80a8ba345dedc9f944cf21201988.jpg,computers
d7fded8e211b3033e424fb450b97caec,d7fded8e211b3033e424fb450b97caec.jpg,computers
8e961e4fd248c9496ca54808d2d2b25f,8e961e4fd248c9496ca54808d2d2b25f.jpg,computers
750f964cf8e6a16412aaf2b0d0350d0a,750f964cf8e6a16412aaf2b0d0350d0a.jpg,baby care
49f7763dc9c7ece284a1ae27166f8c6c,49f7763dc9c7ece284a1ae27166f8c6c.jpg,baby care
95feec21a9d076cff084159d61bf9b8e,95feec21a9d076cff084159d61bf9b8e.jpg,baby care
f0d5e49c1a5aead18d5ff2e8f611de4e,f0d5e49c1a5aead18d5ff2e8f611de4e.jpg,home furnishing
e6b483fce5fd910afda67d97dc04e775,e6b483fce5fd910afda67d97dc04e775.jpg,home furnishing
7cb1ea7b2257aeeeba701a8f6e3e0127,7cb1ea7b2257aeeeba701a8f6e3e0127.jpg,kitchen & dining
8ec6ee9814a27423e66c3c9ea26f77aa,8ec6ee9814a27423e66c3c9ea26f77aa.jpg,home furnishing
050ea3acb555bf641e7ae9b4f3ba684a,050ea3acb555bf641e7ae9b4f3ba684a.jpg,home furnishing
650e27dff8f645649353743f64e03f77,650e27dff8f645649353743f64e03f77.jpg,computers
4e09d5a71d46d61de3d4c9c5aedb73f2,4e09d5a71d46d61de3d4c9c5aedb73f2.jpg,beauty and personal care
8c62cbbd23958ae380fea906f6b5a994,8c62cbbd23958ae380fea906f6b5a994.jpg,baby care
3b80ac036843b278083fabfd9a3c84ff,3b80ac036843b278083fabfd9a3c84ff.jpg,kitchen & dining
994f1d8ade16b9fddce3c127eb7f38ed,994f1d8ade16b9fddce3c127eb7f38ed.jpg,home furnishing
17582ae953860b5320683768b8e97d3a,17582ae953860b5320683768b8e97d3a.jpg,beauty and personal care
c063d07d78a55a21bf6c0e7c8ae46a6d,c063d07d78a55a21bf6c0e7c8ae46a6d.jpg,baby care
da2ce8d17a17f9d19b368434aedea5e9,da2ce8d17a17f9d19b368434aedea5e9.jpg,baby care
3bc98543c7dd0d8fce5b8185b4a58c43,3bc98543c7dd0d8fce5b8185b4a58c43.jpg,baby care
0bff0eda7a6677dc1acb0477a1f7a121,0bff0eda7a6677dc1acb0477a1f7a121.jpg,baby care
948699ab8c947ce56c256f9cf7996761,948699ab8c947ce56c256f9cf7996761.jpg,baby care
0b852704f2002f8865a68818ad4951da,0b852704f2002f8865a68818ad4951da.jpg,kitchen & dining
9b9fc81808086cfd1ce5a2b46e2f9926,9b9fc81808086cfd1ce5a2b46e2f9926.jpg,beauty and personal care
10ad262ebfdc8614e847d36e6fe9ecf9,10ad262ebfdc8614e847d36e6fe9ecf9.jpg,kitchen & dining
dea88a5f46d5fc19236651e6b3e0b3fa,dea88a5f46d5fc19236651e6b3e0b3fa.jpg,kitchen & dining
ba9f3a5ab1517a644322d856a7d25946,ba9f3a5ab1517a644322d856a7d25946.jpg,beauty and personal care
0f4f761de4224b004402c1f97e871ba4,0f4f761de4224b004402c1f97e871ba4.jpg,kitchen & dining
1c0fdd598671f6f4e10b21435d766cf3,1c0fdd598671f6f4e10b21435d766cf3.jpg,beauty and personal care
bd14484c68d8a2992a6fecad36bd9f37,bd14484c68d8a2992a6fecad36bd9f37.jpg,home furnishing
721c1b67f86176f741d43cae1d1c7e93,721c1b67f86176f741d43cae1d1c7e93.jpg,home furnishing
a0133654f3911e47f021da4e49d42926,a0133654f3911e47f021da4e49d42926.jpg,home furnishing
209bf06a732416f1ce5147a8b0524808,209bf06a732416f1ce5147a8b0524808.jpg,computers
88ca277594f22bb7494f2d0bbc51f8ba,88ca277594f22bb7494f2d0bbc51f8ba.jpg,computers
9f9bb0ef3bb8af571bcfbfa1a22150bd,9f9bb0ef3bb8af571bcfbfa1a22150bd.jpg,computers
a76bf8400b3dbcdbe5a5678f4a8ea0f6,a76bf8400b3dbcdbe5a5678f4a8ea0f6.jpg,computers
a863d956964ed41b7c90f5138dc69db5,a863d956964ed41b7c90f5138dc69db5.jpg,computers
bb18279e9885136f1dbc8676d4af94e3,bb18279e9885136f1dbc8676d4af94e3.jpg,computers
77f659d4d18381c991fb9210e05d9c1b,77f659d4d18381c991fb9210e05d9c1b.jpg,computers
98659fb98a4fe903f21f5c315adbaede,98659fb98a4fe903f21f5c315adbaede.jpg,computers
0d02f4703fde00645704e15bba23e77d,0d02f4703fde00645704e15bba23e77d.jpg,computers
5a5bb03499009f35759258263fc834a3,5a5bb03499009f35759258263fc834a3.jpg,computers
964648862f322b2cc153239af04b22ef,964648862f322b2cc153239af04b22ef.jpg,computers
a8e2698d5bd4347f8136c86104ae03e3,a8e2698d5bd4347f8136c86104ae03e3.jpg,computers
dfecd0265b899cb36fbb1fddc6f861a4,dfecd0265b899cb36fbb1fddc6f861a4.jpg,computers
a124d6e4c30b00918c594289266a383c,a124d6e4c30b00918c594289266a383c.jpg,watches
40efb9474b44fba54b5d2a8df121d727,40efb9474b44fba54b5d2a8df121d727.jpg,watches
087e83a2406dc98d941b8555356da477,087e83a2406dc98d941b8555356da477.jpg,watches
75015382e469d36e397c5b47ea613314,75015382e469d36e397c5b47ea613314.jpg,watches
11502f02601ff063bf7db0a618354652,11502f02601ff063bf7db0a618354652.jpg,watches
cd089e2ef349a7f00dcdbf28965914f6,cd089e2ef349a7f00dcdbf28965914f6.jpg,computers
8ccc970bf4c55e9b2710d5319161c357,8ccc970bf4c55e9b2710d5319161c357.jpg,computers
2580f7559802e4e5e3695fda6cbfc317,2580f7559802e4e5e3695fda6cbfc317.jpg,computers
379ebeb2ad76333ab67afe292688512d,379ebeb2ad76333ab67afe292688512d.jpg,computers
88650de379b6ecb085ecb3c2e6b42d4c,88650de379b6ecb085ecb3c2e6b42d4c.jpg,watches
9dc48a756ba86bbf6934ec6ddf9da03d,9dc48a756ba86bbf6934ec6ddf9da03d.jpg,computers
4e57e21d903b752a6b5aa496a43f1590,4e57e21d903b752a6b5aa496a43f1590.jpg,computers
d77279c8268e231b685cdbaf299e83f2,d77279c8268e231b685cdbaf299e83f2.jpg,watches
c0a7134d52d4aa3eb5874aef112f809f,c0a7134d52d4aa3eb5874aef112f809f.jpg,watches
8d1abb3504a19ab41e7d8b8b1d5dd839,8d1abb3504a19ab41e7d8b8b1d5dd839.jpg,watches
c8c7385b1b9589f009aa836f0590e646,c8c7385b1b9589f009aa836f0590e646.jpg,watches
1e15dbd9f59a8b2001f91d18ddc84b5a,1e15dbd9f59a8b2001f91d18ddc84b5a.jpg,watches
b4e829e38d69d299a923abf8d11ac18d,b4e829e38d69d299a923abf8d11ac18d.jpg,watches
64247967cbf6cd8bb2e243ac53aa5928,64247967cbf6cd8bb2e243ac53aa5928.jpg,watches
5db6bd89da44841c1a5b686e67137704,5db6bd89da44841c1a5b686e67137704.jpg,watches
4019ad332ca3ce22449ff54fdd49a273,4019ad332ca3ce22449ff54fdd49a273.jpg,watches
2b278ad355318a87c336285689d214f0,2b278ad355318a87c336285689d214f0.jpg,watches
19a570b6717955a8c48e5f280617ef24,19a570b6717955a8c48e5f280617ef24.jpg,watches
d98fac46793639eceaaa2e74cadd4973,d98fac46793639eceaaa2e74cadd4973.jpg,watches
2541b59d54a3a9f2681c0049f7ddd85c,2541b59d54a3a9f2681c0049f7ddd85c.jpg,watches
d98147c96d2eebf723b2b67d791bcdaa,d98147c96d2eebf723b2b67d791bcdaa.jpg,watches
f2aaeda52ac1f77c2886af013fded02b,f2aaeda52ac1f77c2886af013fded02b.jpg,watches
b144a363c107c7bdd91f32d6e28ba6f2,b144a363c107c7bdd91f32d6e28ba6f2.jpg,watches
9d2d833bf63095902417c2a35f72432a,9d2d833bf63095902417c2a35f72432a.jpg,watches
8c81ed9792bee1c2d6c3b8289d80eece,8c81ed9792bee1c2d6c3b8289d80eece.jpg,watches
49658948b5f4eb06a3ddc2fa75eb41d0,49658948b5f4eb06a3ddc2fa75eb41d0.jpg,watches
7037dbd17682322c89bdf7203b403381,7037dbd17682322c89bdf7203b403381.jpg,watches
9412b6fe7b97e405def91f24f064c547,9412b6fe7b97e405def91f24f064c547.jpg,watches
7616c21074fe889defce033dcd0d7cb6,7616c21074fe889defce033dcd0d7cb6.jpg,watches
2cbad7ead8eb8dd92823b9f525c87b9c,2cbad7ead8eb8dd92823b9f525c87b9c.jpg,watches
8fffcfe66dfde658580f98f6e28a6a46,8fffcfe66dfde658580f98f6e28a6a46.jpg,watches
a1a266a37d38f7ce41d11f1868d8c9bf,a1a266a37d38f7ce41d11f1868d8c9bf.jpg,watches
144a5e05bd6e69535c53366a805a8b5f,144a5e05bd6e69535c53366a805a8b5f.jpg,watches
c7207128c680a437e1cad834a8880007,c7207128c680a437e1cad834a8880007.jpg,watches
5338c00e0ddaec0f3af737077e0bbd91,5338c00e0ddaec0f3af737077e0bbd91.jpg,watches
6c53dbd7a9d43744920bfae3bc06327f,6c53dbd7a9d43744920bfae3bc06327f.jpg,watches
15a0364d0efc54d4e272a49f85b149fc,15a0364d0efc54d4e272a49f85b149fc.jpg,watches
6b04c746cac2aa811d7a8753e54dc96e,6b04c746cac2aa811d7a8753e54dc96e.jpg,watches
156bcd3aba1838a2b6bad856654db964,156bcd3aba1838a2b6bad856654db964.jpg,watches
621a88993a7033df3440ec816c2e386f,621a88993a7033df3440ec816c2e386f.jpg,computers
25ce025c38c55f28fd0ea3bb0200df79,25ce025c38c55f28fd0ea3bb0200df79.jpg,baby care
62a1044ba64031b9e40f98a4fb890d9d,62a1044ba64031b9e40f98a4fb890d9d.jpg,home furnishing
9ec6285cc619688d787d641cb87c10d6,9ec6285cc619688d787d641cb87c10d6.jpg,baby care
87f256eeace1a0c2b1f934f061646da5,87f256eeace1a0c2b1f934f061646da5.jpg,baby care
3589e80e8f7f3f3a5b65447389b90c2e,3589e80e8f7f3f3a5b65447389b90c2e.jpg,home decor & festive needs
dde89969aecfa2c5245e8059c660b139,dde89969aecfa2c5245e8059c660b139.jpg,home decor & festive needs
e4922f01eda047582cd72e9d1063ab7a,e4922f01eda047582cd72e9d1063ab7a.jpg,home decor & festive needs
30ab693b54e99a469a1152b5db14aa40,30ab693b54e99a469a1152b5db14aa40.jpg,baby care
291d5ff1e50dac3058cf10578f692085,291d5ff1e50dac3058cf10578f692085.jpg,computers
84b2e623a4a4327b88f7fe197a09be31,84b2e623a4a4327b88f7fe197a09be31.jpg,baby care
20a06aad5f04727dd54bf13dd5923518,20a06aad5f04727dd54bf13dd5923518.jpg,home decor & festive needs
5e52d6ce133e5307814f9f3eedc5806d,5e52d6ce133e5307814f9f3eedc5806d.jpg,kitchen & dining
c91f9dc1fdd8b4d60c6b2a2b607e3e8f,c91f9dc1fdd8b4d60c6b2a2b607e3e8f.jpg,watches
baa093d149982b010ab72ecbeec6110f,baa093d149982b010ab72ecbeec6110f.jpg,kitchen & dining
afc829d45be38102afaa20f4bce2f627,afc829d45be38102afaa20f4bce2f627.jpg,beauty and personal care
1fb0fc88acf0dc6ab9528c26252447e6,1fb0fc88acf0dc6ab9528c26252447e6.jpg,beauty and personal care
42a8fef62716772c391fbdd148cc9c16,42a8fef62716772c391fbdd148cc9c16.jpg,beauty and personal care
08bdf59c9dcb241e3a57eb4f3729ec70,08bdf59c9dcb241e3a57eb4f3729ec70.jpg,home decor & festive needs
2414e4b7e5948263b8dbb4843557be4d,2414e4b7e5948263b8dbb4843557be4d.jpg,home decor & festive needs
e0e261a0d4fd2ffdcbcad324e91a0dd4,e0e261a0d4fd2ffdcbcad324e91a0dd4.jpg,home furnishing
44218245b37581c534038cc27d081093,44218245b37581c534038cc27d081093.jpg,baby care
4e03d4e81e6a876f512536f6a57c053e,4e03d4e81e6a876f512536f6a57c053e.jpg,baby care
4589c5021b21525b4779260f7e86f355,4589c5021b21525b4779260f7e86f355.jpg,home decor & festive needs
5ea8ddb8a5104c5d47c708e8a351e701,5ea8ddb8a5104c5d47c708e8a351e701.jpg,baby care
99b5905a1079edc2744b06a4049719e0,99b5905a1079edc2744b06a4049719e0.jpg,baby care
6e812fbc03331ab363789b0f2d6b3ff2,6e812fbc03331ab363789b0f2d6b3ff2.jpg,baby care
aa41433dfba2c7561fa30be3fed1e8f0,aa41433dfba2c7561fa30be3fed1e8f0.jpg,baby care
4e5ebfc871992e7e22365c0c036a1b89,4e5ebfc871992e7e22365c0c036a1b89.jpg,baby care
8a184fe2c82ba6a17fbe07f94d0dd875,8a184fe2c82ba6a17fbe07f94d0dd875.jpg,baby care
46ca672fdfff8a1b3641642a9795344a,46ca672fdfff8a1b3641642a9795344a.jpg,baby care
672d1c3272eae4586eb5994fe408c12a,672d1c3272eae4586eb5994fe408c12a.jpg,baby care
0991e8d8f884003ab18890971191085d,0991e8d8f884003ab18890971191085d.jpg,baby care
e10cbc680042d27fb747db2ac8e7a585,e10cbc680042d27fb747db2ac8e7a585.jpg,baby care
0a3b5fdf77a361c2d7d9b29c259b8c4e,0a3b5fdf77a361c2d7d9b29c259b8c4e.jpg,home decor & festive needs
73901494efea71869576898c68b5eee4,73901494efea71869576898c68b5eee4.jpg,home furnishing
e47b9f88b773b3fd97ab3b51642ff6fb,e47b9f88b773b3fd97ab3b51642ff6fb.jpg,beauty and personal care
6ed4eb71c0707f1d6fdddcf62562cb02,6ed4eb71c0707f1d6fdddcf62562cb02.jpg,kitchen & dining
9d3ca83f7017d6e9e129964e88503ff0,9d3ca83f7017d6e9e129964e88503ff0.jpg,baby care
d774c05556d3de1f991d1a46e204a0ad,d774c05556d3de1f991d1a46e204a0ad.jpg,baby care
e40e9b4ae48e452dc407d299b467d0c3,e40e9b4ae48e452dc407d299b467d0c3.jpg,baby care
96bc1fbb83ad5a2c0441d132fe8bcf97,96bc1fbb83ad5a2c0441d132fe8bcf97.jpg,baby care
a51b2c34b3d5a6e5d0591ee6e0b4d335,a51b2c34b3d5a6e5d0591ee6e0b4d335.jpg,baby care
32da1bbf4f523bc8a8735701ce4b7726,32da1bbf4f523bc8a8735701ce4b7726.jpg,baby care
e3ae62ed831fd8b4c20e1742c30d35b5,e3ae62ed831fd8b4c20e1742c30d35b5.jpg,baby care
a378736c1510a13966b42c2d6462f526,a378736c1510a13966b42c2d6462f526.jpg,baby care
dc0b5ef48b4c132d0651613a9c1e8e40,dc0b5ef48b4c132d0651613a9c1e8e40.jpg,baby care
aa68675f50a0551b8dadb954017a50a1,aa68675f50a0551b8dadb954017a50a1.jpg,kitchen & dining
aeb421e416716d5f037d50e8c3b14cd7,aeb421e416716d5f037d50e8c3b14cd7.jpg,computers
6d460d2e12ff7c84cb6b9af783d465ae,6d460d2e12ff7c84cb6b9af783d465ae.jpg,baby care
eaed0897074ee52230ff6c6d73c18dd4,eaed0897074ee52230ff6c6d73c18dd4.jpg,baby care
4d638f7a608a76db27cd7bab13582a93,4d638f7a608a76db27cd7bab13582a93.jpg,baby care
86a39f77de21aa9654e8ea03335244fc,86a39f77de21aa9654e8ea03335244fc.jpg,computers
68b32e026c109c1bae017d024dd8f590,68b32e026c109c1bae017d024dd8f590.jpg,baby care
31376e77d4621c06a45440d42b9fe2ac,31376e77d4621c06a45440d42b9fe2ac.jpg,baby care
f79ad10ae634dcfdab6625790d5c5d54,f79ad10ae634dcfdab6625790d5c5d54.jpg,baby care
3dfd14b667357e26ff6d66761cdc203f,3dfd14b667357e26ff6d66761cdc203f.jpg,baby care
9656b0a52d364da5eed38a4bb2d9f6e5,9656b0a52d364da5eed38a4bb2d9f6e5.jpg,baby care
7cf36a3f1f2bd785954cc876a941da40,7cf36a3f1f2bd785954cc876a941da40.jpg,home decor & festive needs
43f4a023dd92830ab5b26886c496f23e,43f4a023dd92830ab5b26886c496f23e.jpg,home furnishing
705b90361aeda1849a728d80625a78a9,705b90361aeda1849a728d80625a78a9.jpg,baby care
0dc4d2767fe8424a3263ab141884f83d,0dc4d2767fe8424a3263ab141884f83d.jpg,watches
f89ebd1d0889fbafa7c9453dbb0dfffd,f89ebd1d0889fbafa7c9453dbb0dfffd.jpg,home furnishing
e1d8c5b60f9157f8e21c77cf795952f2,e1d8c5b60f9157f8e21c77cf795952f2.jpg,baby care
f79c9db3abd7faca714c92aeba9b6728,f79c9db3abd7faca714c92aeba9b6728.jpg,baby care
260c74b5a09272dec1a8207db3541a0d,260c74b5a09272dec1a8207db3541a0d.jpg,baby care
51b6809d527ea36798bddc2bb8557bc2,51b6809d527ea36798bddc2bb8557bc2.jpg,baby care
5ae4626271e8eefe5eb2aaf42c00724f,5ae4626271e8eefe5eb2aaf42c00724f.jpg,home decor & festive needs
90453db0386931707b256dfa1e32c404,90453db0386931707b256dfa1e32c404.jpg,home furnishing
bd2a71a635bf307de0056b74205918b7,bd2a71a635bf307de0056b74205918b7.jpg,home furnishing
8c90f3ca64ea1a8ce104c3c3f5fc173f,8c90f3ca64ea1a8ce104c3c3f5fc173f.jpg,home decor & festive needs
70d571a25d37e16d5d5f4e94faccf454,70d571a25d37e16d5d5f4e94faccf454.jpg,home furnishing
dd9a5979c32bbdd836984529af862303,dd9a5979c32bbdd836984529af862303.jpg,home furnishing
c9c4720bca91b8ce27d8190a7c4c139c,c9c4720bca91b8ce27d8190a7c4c139c.jpg,baby care
d6a50203fad654981605a70a7bde52b7,d6a50203fad654981605a70a7bde52b7.jpg,baby care
f9a8320c182841024f47ebcba284085a,f9a8320c182841024f47ebcba284085a.jpg,baby care
5eec66ec172ce096cd4e5c947686b56a,5eec66ec172ce096cd4e5c947686b56a.jpg,baby care
d0fee79693c7dc3132d30491323b6407,d0fee79693c7dc3132d30491323b6407.jpg,baby care
d06bb04b096c77dc3302eaf2db336f96,d06bb04b096c77dc3302eaf2db336f96.jpg,baby care
0ca8e323551dd7107ef57ef7c3e77aee,0ca8e323551dd7107ef57ef7c3e77aee.jpg,kitchen & dining
6eabdbbbffdfae86c3c5177ba0f96ea7,6eabdbbbffdfae86c3c5177ba0f96ea7.jpg,baby care
c997312abfa36281d41366cb4a3b908e,c997312abfa36281d41366cb4a3b908e.jpg,kitchen & dining
2bf0ca6d25501c067cd12a2a4939443f,2bf0ca6d25501c067cd12a2a4939443f.jpg,home furnishing
7f6678a6217c831b716feca796f689fd,7f6678a6217c831b716feca796f689fd.jpg,baby care
ce9cb60201f1cdc33e4b58d3583c7a5c,ce9cb60201f1cdc33e4b58d3583c7a5c.jpg,home furnishing
5518124b75d6c6dfee4c2e4c0cfa716a,5518124b75d6c6dfee4c2e4c0cfa716a.jpg,kitchen & dining
22ac36ba254a68d7dd6173f099771147,22ac36ba254a68d7dd6173f099771147.jpg,baby care
6c441a6ca8eb4e5ca882c9c0df03ff0c,6c441a6ca8eb4e5ca882c9c0df03ff0c.jpg,home decor & festive needs
025a85a3d1cddc6307f7dc075d8d2132,025a85a3d1cddc6307f7dc075d8d2132.jpg,kitchen & dining
fd10586bf7f01bc57e0c5364d4b2c3f7,fd10586bf7f01bc57e0c5364d4b2c3f7.jpg,baby care
91795f4b0e4aac27314477a91b63bfb7,91795f4b0e4aac27314477a91b63bfb7.jpg,beauty and personal care
8396537a124f502d11ab99972c816129,8396537a124f502d11ab99972c816129.jpg,beauty and personal care
6b5cdfe68595fbcab0e05dc625d3d66a,6b5cdfe68595fbcab0e05dc625d3d66a.jpg,beauty and personal care
911a6efe69bde398fbbddcb0b4bb466f,911a6efe69bde398fbbddcb0b4bb466f.jpg,beauty and personal care
bc2aaae47829fd5825f6cc2ec51c2c5f,bc2aaae47829fd5825f6cc2ec51c2c5f.jpg,beauty and personal care
55195de3873fffaa9e37b041533d7305,55195de3873fffaa9e37b041533d7305.jpg,kitchen & dining
cdc33ed715261b08e315a2a19427bc23,cdc33ed715261b08e315a2a19427bc23.jpg,beauty and personal care
c65fa0b38ab99792630468bd7dd26416,c65fa0b38ab99792630468bd7dd26416.jpg,beauty and personal care
c6adf41cd378b1f6a7ac62675b060411,c6adf41cd378b1f6a7ac62675b060411.jpg,home decor & festive needs
0ae859a69c7608d8197c3ba8c37bc6ec,0ae859a69c7608d8197c3ba8c37bc6ec.jpg,home decor & festive needs
3bf09b28e3bf526c2dfebfe591921103,3bf09b28e3bf526c2dfebfe591921103.jpg,home decor & festive needs
82fbc93cd45ab747e7e606f2c52c7335,82fbc93cd45ab747e7e606f2c52c7335.jpg,home decor & festive needs
07912328f580cf080d721e6466287896,07912328f580cf080d721e6466287896.jpg,home decor & festive needs
10b6738d7058738a9a7d107bbb2833f4,10b6738d7058738a9a7d107bbb2833f4.jpg,home furnishing
59247d4024d85bfaf9e48368cba6d870,59247d4024d85bfaf9e48368cba6d870.jpg,home furnishing
7d99ac27ad194bc62000c46779c42732,7d99ac27ad194bc62000c46779c42732.jpg,home furnishing
14bc693d9b86c58696e5917045e9d4de,14bc693d9b86c58696e5917045e9d4de.jpg,home furnishing
1218fd9be42d45a81846db9f65a983bd,1218fd9be42d45a81846db9f65a983bd.jpg,home decor & festive needs
3f9f12fa8fc6d7ebef136040f179a201,3f9f12fa8fc6d7ebef136040f179a201.jpg,home furnishing
7915f1c0703450d4b1446c06066d9a59,7915f1c0703450d4b1446c06066d9a59.jpg,home furnishing
595f508cdfbfa162d0fe7b97cc99ef42,595f508cdfbfa162d0fe7b97cc99ef42.jpg,home furnishing
8a306758531cffad41e7a28e41576c49,8a306758531cffad41e7a28e41576c49.jpg,home decor & festive needs
ff24511994fc459d04145231c8876d6c,ff24511994fc459d04145231c8876d6c.jpg,home furnishing
ce9207944cedeaa82e4ea6269586af2a,ce9207944cedeaa82e4ea6269586af2a.jpg,home furnishing
dbca6ab4ebf827884073e2890388b744,dbca6ab4ebf827884073e2890388b744.jpg,baby care
7729e54756a60aecb2067a747c890913,7729e54756a60aecb2067a747c890913.jpg,home decor & festive needs
28401ff0dbc191d34c2f1103e78e082a,28401ff0dbc191d34c2f1103e78e082a.jpg,home furnishing
227fc5c4fca14c424ff33e40941d22fa,227fc5c4fca14c424ff33e40941d22fa.jpg,baby care
841b14271aa4c29f291f600c9556145c,841b14271aa4c29f291f600c9556145c.jpg,home furnishing
6acca991d2353781779b866e4f96edd9,6acca991d2353781779b866e4f96edd9.jpg,home furnishing
d68b774e9529a4b94a5c6c8943a1b8b3,d68b774e9529a4b94a5c6c8943a1b8b3.jpg,home furnishing
83b7c331ebdd018bea7cecb6171eda96,83b7c331ebdd018bea7cecb6171eda96.jpg,home furnishing
a371cfcae8c6ec3b82ae37a83a8ae9b9,a371cfcae8c6ec3b82ae37a83a8ae9b9.jpg,home furnishing
b33d82c619bf88c3e3bb8f53beab0c4b,b33d82c619bf88c3e3bb8f53beab0c4b.jpg,home furnishing
3dfdf277bccb74532c0387adfed2897d,3dfdf277bccb74532c0387adfed2897d.jpg,baby care
5cd3d274d71e1e0d6bf075421461b2d5,5cd3d274d71e1e0d6bf075421461b2d5.jpg,home furnishing
52a8d66e466da645e413d2cecc294bd9,52a8d66e466da645e413d2cecc294bd9.jpg,home furnishing
7091af252a785131c5a124fb90705fda,7091af252a785131c5a124fb90705fda.jpg,home furnishing
7c785e9e26092c0b6ed038085e90d89d,7c785e9e26092c0b6ed038085e90d89d.jpg,home furnishing
00cbbc837d340fa163d11e169fbdb952,00cbbc837d340fa163d11e169fbdb952.jpg,home furnishing
282102897daa1c2513cf76837a8d5a4c,282102897daa1c2513cf76837a8d5a4c.jpg,home decor & festive needs
fd75569f00649bda69d490d54e01378c,fd75569f00649bda69d490d54e01378c.jpg,home decor & festive needs
984983d05e18e63d1a314e86cb362ae5,984983d05e18e63d1a314e86cb362ae5.jpg,home decor & festive needs
ed1a2a831475966a779524ba67ae2ac7,ed1a2a831475966a779524ba67ae2ac7.jpg,home furnishing
2bf95e5f8c4d7d0126de92e476d4fc8b,2bf95e5f8c4d7d0126de92e476d4fc8b.jpg,baby care
f28dbe6996336f063e804f353d7de4ce,f28dbe6996336f063e804f353d7de4ce.jpg,home decor & festive needs
aa82b75da7579007963e53b6f818281b,aa82b75da7579007963e53b6f818281b.jpg,beauty and personal care
e33795f66b2a42ac56095ae704ab25b6,e33795f66b2a42ac56095ae704ab25b6.jpg,beauty and personal care
1dbe1f3ba28460dffef4a1d664549621,1dbe1f3ba28460dffef4a1d664549621.jpg,beauty and personal care
5fdb912462da9891e5b21c677ceb15e4,5fdb912462da9891e5b21c677ceb15e4.jpg,home decor & festive needs
52877a6306aef18af67ab54c8233c931,52877a6306aef18af67ab54c8233c931.jpg,kitchen & dining
fd53c8ed19e77c3e65d767e6aee5fad7,fd53c8ed19e77c3e65d767e6aee5fad7.jpg,computers
a97b85d31d715c65b2970c4177eb0fda,a97b85d31d715c65b2970c4177eb0fda.jpg,kitchen & dining
d47f1cb78db4a23e2516e2d34da34c8a,d47f1cb78db4a23e2516e2d34da34c8a.jpg,kitchen & dining
73523a8cc9a5c04a010d0307f2f2827a,73523a8cc9a5c04a010d0307f2f2827a.jpg,kitchen & dining
daf06eb2b9613900299539558e287701,daf06eb2b9613900299539558e287701.jpg,kitchen & dining
037c2402fee39fbc80433935711d1383,037c2402fee39fbc80433935711d1383.jpg,home furnishing
5321f76936848ccc0003f6c11e923fb5,5321f76936848ccc0003f6c11e923fb5.jpg,beauty and personal care
532fd66d24261d77d9d8b18cfd1ca0f2,532fd66d24261d77d9d8b18cfd1ca0f2.jpg,beauty and personal care
b2e4a7feb6bbca9cca2c0c1e18acbcfc,b2e4a7feb6bbca9cca2c0c1e18acbcfc.jpg,home furnishing
83cef279f0ea5d772523d0d8b2923fbe,83cef279f0ea5d772523d0d8b2923fbe.jpg,home furnishing
998a39dca0ef610c3a0ea4e9cc6e1681,998a39dca0ef610c3a0ea4e9cc6e1681.jpg,home furnishing
08e8af585235d7403ca2b7b56a51a6d4,08e8af585235d7403ca2b7b56a51a6d4.jpg,home furnishing
8872dd7ca802f56c1c3ee07e22e84cfd,8872dd7ca802f56c1c3ee07e22e84cfd.jpg,home furnishing
8ed6faebe087745cc1a3ed5aec2a57cf,8ed6faebe087745cc1a3ed5aec2a57cf.jpg,home furnishing
44a6d9f64668b004c3254f3904142064,44a6d9f64668b004c3254f3904142064.jpg,watches
49852d7f69839e0b1006adc55d56938a,49852d7f69839e0b1006adc55d56938a.jpg,home furnishing
e80e5151787eb21b0cca0d7dc3b0c338,e80e5151787eb21b0cca0d7dc3b0c338.jpg,watches
79e6b64a09ec7d393be193430ea732fe,79e6b64a09ec7d393be193430ea732fe.jpg,watches
294a26262643797cb07f72f1b55262ae,294a26262643797cb07f72f1b55262ae.jpg,watches
53b9357d16d4db0a1f9ec4e8ac91e743,53b9357d16d4db0a1f9ec4e8ac91e743.jpg,watches
3d8222014ec36292c1c143c5f5e12c29,3d8222014ec36292c1c143c5f5e12c29.jpg,kitchen & dining
503bb08f7bdf6a395ec564dd1dc83619,503bb08f7bdf6a395ec564dd1dc83619.jpg,kitchen & dining
2abb35d6affd2796e664349a747bd302,2abb35d6affd2796e664349a747bd302.jpg,beauty and personal care
4f8f64f93f789af51bb07296639acbd2,4f8f64f93f789af51bb07296639acbd2.jpg,beauty and personal care
63523a600ab69f276664d0eade9d076e,63523a600ab69f276664d0eade9d076e.jpg,baby care
42643c1c9403f67921a18654bcf45ead,42643c1c9403f67921a18654bcf45ead.jpg,baby care
8818424349b75a67775353d1feef2635,8818424349b75a67775353d1feef2635.jpg,baby care
109e235d4838002246599f987d935c21,109e235d4838002246599f987d935c21.jpg,baby care
093bcad64d11c0aed903a8dd787ef069,093bcad64d11c0aed903a8dd787ef069.jpg,baby care
93618b8a998782d4d847ee5cba5c7de2,93618b8a998782d4d847ee5cba5c7de2.jpg,baby care
46c7cb82a768ad8811db821d8649f6e0,46c7cb82a768ad8811db821d8649f6e0.jpg,watches
dbb55b8da8c30cb67014d81405d98a41,dbb55b8da8c30cb67014d81405d98a41.jpg,beauty and personal care
141ab1fbe0f943463d4971098647000c,141ab1fbe0f943463d4971098647000c.jpg,beauty and personal care
35b5dfdda9214c94ab15bf5390e07de9,35b5dfdda9214c94ab15bf5390e07de9.jpg,watches
9924fba9b2a738e5a141995952e73104,9924fba9b2a738e5a141995952e73104.jpg,watches
30305ade337a4dde171afb90141bcaaa,30305ade337a4dde171afb90141bcaaa.jpg,watches
9a0413117aa91c668ba5944770347cc5,9a0413117aa91c668ba5944770347cc5.jpg,baby care
fb435889d257c924c7bf77396a555e04,fb435889d257c924c7bf77396a555e04.jpg,baby care
29d7a1b4d4f658fc3082905f65e1b009,29d7a1b4d4f658fc3082905f65e1b009.jpg,baby care
c705a5735a94aeee547d1798e3e46ec4,c705a5735a94aeee547d1798e3e46ec4.jpg,watches
7264f56639c8c54158b94ced769082c8,7264f56639c8c54158b94ced769082c8.jpg,watches
b5aafdb7cfde56f3e9e1364eb1efb691,b5aafdb7cfde56f3e9e1364eb1efb691.jpg,watches
75549ef6adc47e9b6dc2b69f530d9097,75549ef6adc47e9b6dc2b69f530d9097.jpg,watches
4676a8f96abb86c5d1dc5b06c7a11d95,4676a8f96abb86c5d1dc5b06c7a11d95.jpg,beauty and personal care
a67d4b8df18ac476cd1b0bbd80e589a4,a67d4b8df18ac476cd1b0bbd80e589a4.jpg,beauty and personal care
fda0890dba67c93a7c80b0993651caec,fda0890dba67c93a7c80b0993651caec.jpg,baby care
aba92798c4b2723e23131478d6c97293,aba92798c4b2723e23131478d6c97293.jpg,beauty and personal care
170fdf050c7a1f8d30ef5a98c4216f9c,170fdf050c7a1f8d30ef5a98c4216f9c.jpg,watches
9d20743a61f62fe6f9cdc5ff24d46d23,9d20743a61f62fe6f9cdc5ff24d46d23.jpg,beauty and personal care
9993de7e2bcced43dc9edb3b2c81f23d,9993de7e2bcced43dc9edb3b2c81f23d.jpg,beauty and personal care
5188dd28a627807407d93549580afb74,5188dd28a627807407d93549580afb74.jpg,home furnishing
93f45475c82bdee6df73c6e08011b7da,93f45475c82bdee6df73c6e08011b7da.jpg,computers
95ea40dc6c0e81407e13d70bd52a5c95,95ea40dc6c0e81407e13d70bd52a5c95.jpg,beauty and personal care
020d2daba55a723128e4e07c0b0393a9,020d2daba55a723128e4e07c0b0393a9.jpg,beauty and personal care
9f141b3c3d9096f5a897d01b48e3b360,9f141b3c3d9096f5a897d01b48e3b360.jpg,computers
648b52926285610670a756923b8a6f99,648b52926285610670a756923b8a6f99.jpg,beauty and personal care
0b793c1727ef52285a25dedf8b86626b,0b793c1727ef52285a25dedf8b86626b.jpg,beauty and personal care
9c06a95a82c3bd6635b9fe6e92b15902,9c06a95a82c3bd6635b9fe6e92b15902.jpg,beauty and personal care
d0af95243e993331c4357fdf90dc4692,d0af95243e993331c4357fdf90dc4692.jpg,beauty and personal care
f9f9cd4297b6667488785c2794a754f5,f9f9cd4297b6667488785c2794a754f5.jpg,beauty and personal care
1d1be744e491ed61e705c20e4a72320d,1d1be744e491ed61e705c20e4a72320d.jpg,beauty and personal care
a1fa0e24b2249ffa81f688c4840f1eb8,a1fa0e24b2249ffa81f688c4840f1eb8.jpg,beauty and personal care
285075cfac3036e8d51591dfe5ba24ab,285075cfac3036e8d51591dfe5ba24ab.jpg,home furnishing
ffc2e1fc7c886ec09a331040ada038aa,ffc2e1fc7c886ec09a331040ada038aa.jpg,home furnishing
39242e5488cf65d8d59eccb2b80e4a65,39242e5488cf65d8d59eccb2b80e4a65.jpg,home furnishing
414d2065e1aed847064bcf14538eabc8,414d2065e1aed847064bcf14538eabc8.jpg,home furnishing
fc59187b2e011cf098ce420a0ee02e10,fc59187b2e011cf098ce420a0ee02e10.jpg,home furnishing
7436c011ebdfd24b56a77893f210ed3b,7436c011ebdfd24b56a77893f210ed3b.jpg,home furnishing
dcab5c08ed8e6c2fa039e01367390071,dcab5c08ed8e6c2fa039e01367390071.jpg,home furnishing
00d84a518e0550612fcfcba3b02b6255,00d84a518e0550612fcfcba3b02b6255.jpg,beauty and personal care
ca82e1f23bb6cac66a32fce1c22534a3,ca82e1f23bb6cac66a32fce1c22534a3.jpg,home furnishing
3fd4d7ea04624ada39fde3957c7b9b7c,3fd4d7ea04624ada39fde3957c7b9b7c.jpg,home decor & festive needs
697ad1d2e45c1af54cab7847cbe324d8,697ad1d2e45c1af54cab7847cbe324d8.jpg,watches
0ec47240feda42c63e42f1e9cee60f7a,0ec47240feda42c63e42f1e9cee60f7a.jpg,home furnishing
3a7b224bf1bc9cee9052f9c9df0355f6,3a7b224bf1bc9cee9052f9c9df0355f6.jpg,watches
ad55b7ac6f7284b90d31a1a2f175df8d,ad55b7ac6f7284b90d31a1a2f175df8d.jpg,home furnishing
952a100cf3a5bdf2d655e9cdca0e9dd5,952a100cf3a5bdf2d655e9cdca0e9dd5.jpg,computers
d86f260ff28af531443f822c11746521,d86f260ff28af531443f822c11746521.jpg,computers
4354b7418ee0fab2fd9f8eb493556529,4354b7418ee0fab2fd9f8eb493556529.jpg,computers
95b0779b1a04ab70d62c72b53090c4b3,95b0779b1a04ab70d62c72b53090c4b3.jpg,computers
078b35be31e8ac99b0cbb817dab4c23f,078b35be31e8ac99b0cbb817dab4c23f.jpg,computers
6e7cc21610991cab64595af678e8eb5a,6e7cc21610991cab64595af678e8eb5a.jpg,computers
00ed03657cedbe4663eff2d7fa702a33,00ed03657cedbe4663eff2d7fa702a33.jpg,computers
c5720509a67da707afcb6f4f0282d529,c5720509a67da707afcb6f4f0282d529.jpg,computers
9a9402ad55d079c86c302521816b7b0e,9a9402ad55d079c86c302521816b7b0e.jpg,computers
28e3f1e490cfc4b47bfb50671ff93283,28e3f1e490cfc4b47bfb50671ff93283.jpg,computers
e426290a8f57e82680275bb91df91ad1,e426290a8f57e82680275bb91df91ad1.jpg,computers
fc9a650d545a50c72556bed0df59efa1,fc9a650d545a50c72556bed0df59efa1.jpg,computers
812bfd40e47dfde2ff5326e899b42577,812bfd40e47dfde2ff5326e899b42577.jpg,computers
01089dc3618a0ab7304d784ef400b83d,01089dc3618a0ab7304d784ef400b83d.jpg,computers
de47d0cc0c4875fb97530f66d934c894,de47d0cc0c4875fb97530f66d934c894.jpg,computers
e86daf9ebcdfc5c5dd088cdb7f8f8db6,e86daf9ebcdfc5c5dd088cdb7f8f8db6.jpg,computers
2c475daafe597ed93c1e27fcaa38d8cc,2c475daafe597ed93c1e27fcaa38d8cc.jpg,computers
9e90fb6c7870637b6f794e4b4c26bd7e,9e90fb6c7870637b6f794e4b4c26bd7e.jpg,baby care
82466269245f199d7f850509307a497b,82466269245f199d7f850509307a497b.jpg,computers
c612bdfa459e1e2f20d57348336c24be,c612bdfa459e1e2f20d57348336c24be.jpg,computers
fc009e0b404034e5ea065ba980917f33,fc009e0b404034e5ea065ba980917f33.jpg,computers
9da942796e9fac272db50b2f7546b94a,9da942796e9fac272db50b2f7546b94a.jpg,computers
70af4c3c05688d8400632e134f258b98,70af4c3c05688d8400632e134f258b98.jpg,computers
146b0d570d5ab4e27629d48533b7680d,146b0d570d5ab4e27629d48533b7680d.jpg,computers
136f213080426c35520f1b1540c4a390,136f213080426c35520f1b1540c4a390.jpg,computers
568f331e1039bf2e0635b899c2b3248f,568f331e1039bf2e0635b899c2b3248f.jpg,computers
a41371b2f8859b015031f0d5eda5184c,a41371b2f8859b015031f0d5eda5184c.jpg,computers
fffa2117a4006d4a848eb7d5b80d4816,fffa2117a4006d4a848eb7d5b80d4816.jpg,computers
eedee8680f0ed35dcf612c6774affe83,eedee8680f0ed35dcf612c6774affe83.jpg,computers
6136976dc5a433cdf8e2559b8510bdce,6136976dc5a433cdf8e2559b8510bdce.jpg,computers
832a66ce379b4c98fd3d748eebd7ae4c,832a66ce379b4c98fd3d748eebd7ae4c.jpg,computers
112a8a56ee40ee31ea06fb7ff23b5c25,112a8a56ee40ee31ea06fb7ff23b5c25.jpg,home furnishing
19d2dbc1789653c58bce08c169662cf2,19d2dbc1789653c58bce08c169662cf2.jpg,computers
8f41c6931b5220c2bb34d1cab21cb220,8f41c6931b5220c2bb34d1cab21cb220.jpg,baby care
2c8912b849cf73676d025aa99203b6d1,2c8912b849cf73676d025aa99203b6d1.jpg,baby care
4f6006b716c6546033fbaf9ff32de577,4f6006b716c6546033fbaf9ff32de577.jpg,home furnishing
d218c32df572e82db50faecd62179db2,d218c32df572e82db50faecd62179db2.jpg,home furnishing
9e81a24714e06b0ca9b4fed8cae42611,9e81a24714e06b0ca9b4fed8cae42611.jpg,home furnishing
736191946aaeaa637a0865a42c18b580,736191946aaeaa637a0865a42c18b580.jpg,home furnishing
da8017c195b3bfa4ef002968a3542707,da8017c195b3bfa4ef002968a3542707.jpg,home furnishing
f3dec6a97225941bf9c3213e73943bd3,f3dec6a97225941bf9c3213e73943bd3.jpg,home furnishing
c943647eee4de99fc1b4e233b9a7f47d,c943647eee4de99fc1b4e233b9a7f47d.jpg,home furnishing
dc777afc918f513a7253187e00a11948,dc777afc918f513a7253187e00a11948.jpg,home furnishing
fc976caafdebbab15560dad48bc6ff0f,fc976caafdebbab15560dad48bc6ff0f.jpg,home furnishing
fc3eb6ffed257270c26943e9f9c347b9,fc3eb6ffed257270c26943e9f9c347b9.jpg,home furnishing
7bbcbd91b8865a9f7b254760e5e2e10a,7bbcbd91b8865a9f7b254760e5e2e10a.jpg,baby care
d395b2f3d13ff8897f403c6141e0e39a,d395b2f3d13ff8897f403c6141e0e39a.jpg,home furnishing
a30aa3b765b613c158fd3a295ed934fa,a30aa3b765b613c158fd3a295ed934fa.jpg,home furnishing
ee27bc4719ae58c5cb3f1dede61fcf54,ee27bc4719ae58c5cb3f1dede61fcf54.jpg,home furnishing
456ec612b30d4b091639843cdb66bf54,456ec612b30d4b091639843cdb66bf54.jpg,beauty and personal care
72db37ec42ee76d79cf395221e0f4cce,72db37ec42ee76d79cf395221e0f4cce.jpg,home furnishing
526cb1e7675adb39a1ea68f1f2a3fd59,526cb1e7675adb39a1ea68f1f2a3fd59.jpg,home furnishing
3ddd2f062730c2aea8bb8843d5a96125,3ddd2f062730c2aea8bb8843d5a96125.jpg,home furnishing
597a9549a3e397d52dca62ee47b1f60a,597a9549a3e397d52dca62ee47b1f60a.jpg,home furnishing
2eb07dc77e2fc7e3668fd7ed9b864039,2eb07dc77e2fc7e3668fd7ed9b864039.jpg,home furnishing
e1e2883b6845cb214ec8d365cd496008,e1e2883b6845cb214ec8d365cd496008.jpg,home furnishing
4b03cdfc7d1135c972e5c620dd7da66c,4b03cdfc7d1135c972e5c620dd7da66c.jpg,beauty and personal care
f0ab5f12bd777e28a401a728fcb93a4b,f0ab5f12bd777e28a401a728fcb93a4b.jpg,home decor & festive needs
d3f4a4336324a3d180de23df1e75b9b7,d3f4a4336324a3d180de23df1e75b9b7.jpg,beauty and personal care
5c0fe2919e49f30aff91d46800cdf149,5c0fe2919e49f30aff91d46800cdf149.jpg,home decor & festive needs
4b59516432fbc3d61e8e58d547fde431,4b59516432fbc3d61e8e58d547fde431.jpg,kitchen & dining
a060b5acc6e3fb814769805db61f589b,a060b5acc6e3fb814769805db61f589b.jpg,home decor & festive needs
a541b3aba326d7749b4c086c3cea9273,a541b3aba326d7749b4c086c3cea9273.jpg,baby care
d136aa676ef52b09eab65762940957fe,d136aa676ef52b09eab65762940957fe.jpg,home decor & festive needs
9b00cab981ab825158c05c9e54b866d4,9b00cab981ab825158c05c9e54b866d4.jpg,home decor & festive needs
480d24adbc304a52a4e01e45bf8bbccc,480d24adbc304a52a4e01e45bf8bbccc.jpg,baby care
a445d1f73be8f81dd902fd5dc8529416,a445d1f73be8f81dd902fd5dc8529416.jpg,baby care
3aaa50eb5d2cf4c18b57346423871624,3aaa50eb5d2cf4c18b57346423871624.jpg,baby care
23b0bdd337f7d1b4b70ad13726a122ab,23b0bdd337f7d1b4b70ad13726a122ab.jpg,baby care
7e3d8e737aec8f1eca019302593c732e,7e3d8e737aec8f1eca019302593c732e.jpg,home decor & festive needs
e225be101bbad1ea9d031261ba4387b8,e225be101bbad1ea9d031261ba4387b8.jpg,home decor & festive needs
89b95537d8697203ab278237289a52a8,89b95537d8697203ab278237289a52a8.jpg,watches
f7514f6068377bcaed80043a5e321131,f7514f6068377bcaed80043a5e321131.jpg,baby care
c5c559012b742d9966df82182b90c6da,c5c559012b742d9966df82182b90c6da.jpg,home decor & festive needs
27175ea71cc5f2879882c77b9931cf8b,27175ea71cc5f2879882c77b9931cf8b.jpg,home decor & festive needs
f54d0c5cbd8e2270742293edf9075cb1,f54d0c5cbd8e2270742293edf9075cb1.jpg,home furnishing
66d91765da568f133f040b951f25e702,66d91765da568f133f040b951f25e702.jpg,home decor & festive needs
e87bad0de3447c9ac3a8555e89545c75,e87bad0de3447c9ac3a8555e89545c75.jpg,home furnishing
b1d61c60791a01827e3251e362c78573,b1d61c60791a01827e3251e362c78573.jpg,home decor & festive needs
486e98154514ed485f0b2f9bc9f24549,486e98154514ed485f0b2f9bc9f24549.jpg,home decor & festive needs
cf03921bd7eb3afd84c4b12a434d03e5,cf03921bd7eb3afd84c4b12a434d03e5.jpg,home decor & festive needs
5307e0db12b1018746ac3801d189c379,5307e0db12b1018746ac3801d189c379.jpg,home decor & festive needs
62e36e018c9ee4b282cf674e84054df8,62e36e018c9ee4b282cf674e84054df8.jpg,home furnishing
fb42fce44e11f4dab8de99f8488281f8,fb42fce44e11f4dab8de99f8488281f8.jpg,home furnishing
3f9c4d0e8c3bca9c870e41f5098f90d6,3f9c4d0e8c3bca9c870e41f5098f90d6.jpg,home furnishing
af13232271963742c118a1c58affa259,af13232271963742c118a1c58affa259.jpg,home decor & festive needs
7c333641c63bd7519432ae83744b8db4,7c333641c63bd7519432ae83744b8db4.jpg,home decor & festive needs
60395c709b4a933319e2713e3ae620d4,60395c709b4a933319e2713e3ae620d4.jpg,home furnishing
cf1be83386eb96b2ab9598944ebca6fc,cf1be83386eb96b2ab9598944ebca6fc.jpg,home furnishing
037b39bef3db7ccd264c577a0edf0c0a,037b39bef3db7ccd264c577a0edf0c0a.jpg,home decor & festive needs
43da6e88dcb61e027ea9112cfab158ee,43da6e88dcb61e027ea9112cfab158ee.jpg,home furnishing
6e6694c52c9273cde2163d34d5b44e94,6e6694c52c9273cde2163d34d5b44e94.jpg,home decor & festive needs
09f9f9b420edea2f39c0dc3c24d5be07,09f9f9b420edea2f39c0dc3c24d5be07.jpg,home decor & festive needs
b7e42b52534c5e49eb03817d754c2153,b7e42b52534c5e49eb03817d754c2153.jpg,home furnishing
9c9385abdb73ec1f1f93acaf81c6e1d7,9c9385abdb73ec1f1f93acaf81c6e1d7.jpg,home decor & festive needs
c12fd368ff03f5224b92771824cafb9c,c12fd368ff03f5224b92771824cafb9c.jpg,home furnishing
283e2c4d728bdb193834d876ec27e6dd,283e2c4d728bdb193834d876ec27e6dd.jpg,home furnishing
9cd443dad2c8f354fd01869a57fdc171,9cd443dad2c8f354fd01869a57fdc171.jpg,home decor & festive needs
8b7a51c69b47f4714b5f7131077b5d30,8b7a51c69b47f4714b5f7131077b5d30.jpg,home decor & festive needs
8026dc3e27e8e318cc7431a723f7ebc1,8026dc3e27e8e318cc7431a723f7ebc1.jpg,home furnishing
2cc24452688ed35dfbff566e22e53c95,2cc24452688ed35dfbff566e22e53c95.jpg,beauty and personal care
4946e2411d24801b9e8f7dbe97ab1b93,4946e2411d24801b9e8f7dbe97ab1b93.jpg,home decor & festive needs
c417f408340252f170f05dadf88160d7,c417f408340252f170f05dadf88160d7.jpg,home decor & festive needs
f41761a931135c6c043c7e04abda41b0,f41761a931135c6c043c7e04abda41b0.jpg,home furnishing
cd71b07a1d37a5e2cc04240e8498cc76,cd71b07a1d37a5e2cc04240e8498cc76.jpg,home furnishing
edec3bb5df9c4bc618752e94532bb36e,edec3bb5df9c4bc618752e94532bb36e.jpg,home decor & festive needs
5be86e35f21b1514d0e7742893d6cfba,5be86e35f21b1514d0e7742893d6cfba.jpg,home furnishing
13596c5cc53a74268613e5c0b7d46b60,13596c5cc53a74268613e5c0b7d46b60.jpg,home furnishing
bba68d75eff1b7b5eef7f6c1c68f2227,bba68d75eff1b7b5eef7f6c1c68f2227.jpg,home furnishing
1738ddb8f47f11ff0cb96fe6cad302c2,1738ddb8f47f11ff0cb96fe6cad302c2.jpg,home decor & festive needs
b91b13aceec0a140944a2c8915e45e59,b91b13aceec0a140944a2c8915e45e59.jpg,kitchen & dining
2476ae5a5e045876aa08f5919cb3b91b,2476ae5a5e045876aa08f5919cb3b91b.jpg,home furnishing
f622e6c12de2c6534c94635f671af107,f622e6c12de2c6534c94635f671af107.jpg,home furnishing
9c41f67773da27940d77460715e880be,9c41f67773da27940d77460715e880be.jpg,home furnishing
cf6a4daf0e795838061b0eb832bbc99d,cf6a4daf0e795838061b0eb832bbc99d.jpg,home furnishing
8ff973688c976a08fc7242da37101417,8ff973688c976a08fc7242da37101417.jpg,home furnishing
bcb51cec3d290e6a661586d0df30e091,bcb51cec3d290e6a661586d0df30e091.jpg,home furnishing
06b8da0c6a24b91c8020f8b1c78d04c3,06b8da0c6a24b91c8020f8b1c78d04c3.jpg,home furnishing
9c8fdf6c9c631d0892e9a6f55a4a2fd2,9c8fdf6c9c631d0892e9a6f55a4a2fd2.jpg,beauty and personal care
378d7dbdb97ecc62c9ad52cb6df23a86,378d7dbdb97ecc62c9ad52cb6df23a86.jpg,kitchen & dining
d627a270302d23eef773d05ad01fd03c,d627a270302d23eef773d05ad01fd03c.jpg,baby care
634c89325a6c7752985a74a67f985c1f,634c89325a6c7752985a74a67f985c1f.jpg,baby care
b3e5f93856cce162850713bb8edce52a,b3e5f93856cce162850713bb8edce52a.jpg,home furnishing
3e2b2a04696f7d83a7835e9894d79df7,3e2b2a04696f7d83a7835e9894d79df7.jpg,baby care
0906fd9cc604fbba05a502e01d763cd9,0906fd9cc604fbba05a502e01d763cd9.jpg,baby care
729864e0d25e06cbf68561529bcdd4f0,729864e0d25e06cbf68561529bcdd4f0.jpg,baby care
798346b99002495667bb87626d33b99c,798346b99002495667bb87626d33b99c.jpg,home decor & festive needs
b0229d4466ac60c7ba53c7ce9fabad7c,b0229d4466ac60c7ba53c7ce9fabad7c.jpg,home decor & festive needs
4b500e244f11a45f5171bd3665413044,4b500e244f11a45f5171bd3665413044.jpg,baby care
fa2e5f01bbb642c49e4b2e19d2b39dcf,fa2e5f01bbb642c49e4b2e19d2b39dcf.jpg,beauty and personal care
967d91e162afb44a67c0281f71766e4d,967d91e162afb44a67c0281f71766e4d.jpg,baby care
c44a5dc5b5ebe5b3e0535b7c2b7921e4,c44a5dc5b5ebe5b3e0535b7c2b7921e4.jpg,baby care
27b7851ae3dfc2ae8c1958cebe93bf0b,27b7851ae3dfc2ae8c1958cebe93bf0b.jpg,baby care
86089ddd9f9e52127ce838f210f776d7,86089ddd9f9e52127ce838f210f776d7.jpg,baby care
bdcc7e18ffed5390cd3107030992ffa6,bdcc7e18ffed5390cd3107030992ffa6.jpg,baby care
b58309ed929c2bf7d6096c03667b654f,b58309ed929c2bf7d6096c03667b654f.jpg,baby care
357432a848c3f13fa614efe5dddd99b6,357432a848c3f13fa614efe5dddd99b6.jpg,home decor & festive needs
edb97bd2433fd9de301c8a44344777bb,edb97bd2433fd9de301c8a44344777bb.jpg,beauty and personal care
c3c23b5aa5e388e5f71883f61d1a0561,c3c23b5aa5e388e5f71883f61d1a0561.jpg,home decor & festive needs
42770faa04bfcf2b62e7ef335e1b1965,42770faa04bfcf2b62e7ef335e1b1965.jpg,home decor & festive needs
eaf55e90d0e4295cb84cb0276e78c35c,eaf55e90d0e4295cb84cb0276e78c35c.jpg,beauty and personal care
216c6c3527984be3d7ad9023d5cd9bd1,216c6c3527984be3d7ad9023d5cd9bd1.jpg,home decor & festive needs
e347e7eca70e01badc3bdf6c154ac7c4,e347e7eca70e01badc3bdf6c154ac7c4.jpg,baby care
06fdaa2b03d70da4358311d260456729,06fdaa2b03d70da4358311d260456729.jpg,kitchen & dining
d79e6ae847a561c284a2b14e42500698,d79e6ae847a561c284a2b14e42500698.jpg,kitchen & dining
c4ac93e194281d6d1450ffdaa52f5f99,c4ac93e194281d6d1450ffdaa52f5f99.jpg,home furnishing
fc8ff72b68b0f3736a9aff8f03aa712f,fc8ff72b68b0f3736a9aff8f03aa712f.jpg,kitchen & dining
fe05e9ff9e31a310c35626ab6f2b4fe2,fe05e9ff9e31a310c35626ab6f2b4fe2.jpg,baby care
873a955df5a2f677a41a7efc94060e41,873a955df5a2f677a41a7efc94060e41.jpg,baby care
032e812adcd11a38fd8b764891a852ff,032e812adcd11a38fd8b764891a852ff.jpg,home decor & festive needs
78fcb634d9838127464d827234ab05ad,78fcb634d9838127464d827234ab05ad.jpg,kitchen & dining
4cc971d2c9c0f1056bc124031ed52c1e,4cc971d2c9c0f1056bc124031ed52c1e.jpg,kitchen & dining
31ac1b66cc6bb396c83f124317589f8c,31ac1b66cc6bb396c83f124317589f8c.jpg,baby care
5bc04e6a0b6256dc78bb9cb22b39ef41,5bc04e6a0b6256dc78bb9cb22b39ef41.jpg,computers
0c70a580d96e50966130e2885d8c3505,0c70a580d96e50966130e2885d8c3505.jpg,kitchen & dining
6325bf868b9040a0599f257aba42e9e0,6325bf868b9040a0599f257aba42e9e0.jpg,baby care
cb096f17218f0e4ccd7424963e2cd0f8,cb096f17218f0e4ccd7424963e2cd0f8.jpg,beauty and personal care
cf3e938bf6d66c65ce94f8c206ed0809,cf3e938bf6d66c65ce94f8c206ed0809.jpg,beauty and personal care
2651ce313a5a3aedb7c566394a3b3b26,2651ce313a5a3aedb7c566394a3b3b26.jpg,beauty and personal care
cdf4aedfc9420a2e212fb64e2688bcdc,cdf4aedfc9420a2e212fb64e2688bcdc.jpg,kitchen & dining
9bd8526e99697998cdf7dcbdfa044847,9bd8526e99697998cdf7dcbdfa044847.jpg,home decor & festive needs
9ff54c12cc7ffd7c1a6724477b8fea2f,9ff54c12cc7ffd7c1a6724477b8fea2f.jpg,baby care
11f06dffebf7edf9e15351834a190c2c,11f06dffebf7edf9e15351834a190c2c.jpg,baby care
29def171d7e31d48571a52f0fb3e6b07,29def171d7e31d48571a52f0fb3e6b07.jpg,home decor & festive needs
b48218a94e220c20373ed50dc4254093,b48218a94e220c20373ed50dc4254093.jpg,beauty and personal care
721d6fc10f52e76007c3c0405cf967c5,721d6fc10f52e76007c3c0405cf967c5.jpg,baby care
eeecf5d16fa6591290706f1fd0c6fc6e,eeecf5d16fa6591290706f1fd0c6fc6e.jpg,computers
747b170919791d6111847d3485b5b77b,747b170919791d6111847d3485b5b77b.jpg,beauty and personal care
4748b7ea0e01cffa561f1a7a7a432813,4748b7ea0e01cffa561f1a7a7a432813.jpg,home furnishing
6057d1b6682ab473a3fe2ca8b4577259,6057d1b6682ab473a3fe2ca8b4577259.jpg,computers
031c98cfde349d99fb6d5983f54c8751,031c98cfde349d99fb6d5983f54c8751.jpg,computers
6eaa9bd9e9285d77891bb76d30e6ebe7,6eaa9bd9e9285d77891bb76d30e6ebe7.jpg,home furnishing
8141b9d5af35017a907b1e88c17f7963,8141b9d5af35017a907b1e88c17f7963.jpg,computers
7ec5ac2dea80b6c5e4cfd20eba597d20,7ec5ac2dea80b6c5e4cfd20eba597d20.jpg,home furnishing
7fd3f7b35e8b4a66432c974c8cb5c46d,7fd3f7b35e8b4a66432c974c8cb5c46d.jpg,computers
30ad2acaccdd2e1691a61c44079c2b5a,30ad2acaccdd2e1691a61c44079c2b5a.jpg,computers
3f97735a6c61a3587cefceaef36c280c,3f97735a6c61a3587cefceaef36c280c.jpg,home furnishing
362714cbba2f5ae412d2f26bae99a266,362714cbba2f5ae412d2f26bae99a266.jpg,home furnishing
9b805665a791f40e7946a73dcea17e35,9b805665a791f40e7946a73dcea17e35.jpg,computers
90906358dac904c4f05c12c798ac5221,90906358dac904c4f05c12c798ac5221.jpg,home furnishing
4d6bf06ef01f80130a1ab28dfdeb7aa3,4d6bf06ef01f80130a1ab28dfdeb7aa3.jpg,beauty and personal care
7d2883d833e215d3092c7f53572f870d,7d2883d833e215d3092c7f53572f870d.jpg,beauty and personal care
b5834f1e97c74d2833dbcb09a3f27926,b5834f1e97c74d2833dbcb09a3f27926.jpg,computers
ace154420a51fad090b3543995630051,ace154420a51fad090b3543995630051.jpg,home furnishing
7815fb39feb773db944c9f03bbdcbf64,7815fb39feb773db944c9f03bbdcbf64.jpg,computers
d407ab825e1a266635214bfe893f29c4,d407ab825e1a266635214bfe893f29c4.jpg,computers
5a54c78b52c984e56500809e5bc27ae1,5a54c78b52c984e56500809e5bc27ae1.jpg,computers
678ebb5f6057dcc51948253c1b39b0b8,678ebb5f6057dcc51948253c1b39b0b8.jpg,home furnishing
7821fb1cbf8d3bb294c3c20527119f15,7821fb1cbf8d3bb294c3c20527119f15.jpg,beauty and personal care
3b96a152c8fac4421fb67b6190584976,3b96a152c8fac4421fb67b6190584976.jpg,home decor & festive needs
b1644f47c7dfa58f8c06677f2a27ee09,b1644f47c7dfa58f8c06677f2a27ee09.jpg,baby care
057836ecde71565f8ebdd576e41fdc96,057836ecde71565f8ebdd576e41fdc96.jpg,baby care
38782cce965307ddcdbedfcb7fa409c3,38782cce965307ddcdbedfcb7fa409c3.jpg,baby care
be0f39341d771aac57084970f1ed6425,be0f39341d771aac57084970f1ed6425.jpg,baby care
958f54f4c46b53c8a0a9b8167d9140bc,958f54f4c46b53c8a0a9b8167d9140bc.jpg,baby care
fd6cbcc22efb6b761bd564c28928483c,fd6cbcc22efb6b761bd564c28928483c.jpg,baby care
5912e037d12774bb73a2048f35a00009,5912e037d12774bb73a2048f35a00009.jpg,baby care
c3edc504d1b4f0ba6224fa53a43a7ad6,c3edc504d1b4f0ba6224fa53a43a7ad6.jpg,baby care
